5487,42343007,snomed
5487,38341003,snomed
5487,20741006,snomed
5487,52254009,snomed
5487,I50.22,icd10
5487,I50.33,icd10
5487,I50.30,icd10
5487,I50.42,icd10
5487,I50.23,icd10
5487,I50.20,icd10
5487,I50.31,icd10
5487,I50.43,icd10
5487,I50.3,icd10
5487,I50.32,icd10
5487,I50.4,icd10
5487,I50.40,icd10
5487,I50.41,icd10
5487,I50.21,icd10
5487,I50.2,icd10
5487,N04.9,icd10
5487,Z87.441,icd10
5487,N04.8,icd10
5487,N04,icd10
36118,78314001,snomed
36118,66931009,snomed
36118,2089002,snomed
36118,32369003,snomed
36118,Q78.0,icd10
36118,E83.52,icd10
36118,M88.832,icd10
36118,M88.862,icd10
36118,M88.1,icd10
36118,M88.842,icd10
36118,M88.839,icd10
36118,M88.88,icd10
36118,M88.83,icd10
36118,M88.871,icd10
36118,M88.819,icd10
36118,M88.9,icd10
36118,M88.811,icd10
36118,M88.86,icd10
36118,M88.879,icd10
36118,M88.8,icd10
36118,M88,icd10
36118,M88.812,icd10
36118,M88.841,icd10
36118,M88.84,icd10
36118,M88.861,icd10
36118,M88.872,icd10
36118,M88.81,icd10
36118,M88.849,icd10
36118,M88.869,icd10
36118,M88.87,icd10
36118,M88.831,icd10
114979,235595009,snomed
114979,53132006,snomed
114979,16331000,snomed
114979,51868009,snomed
114979,K21,icd10
114979,R12,icd10
114979,K26,icd10
114979,K26.9,icd10
4603,14669001,snomed
4603,90688005,snomed
4603,42343007,snomed
4603,19242006,snomed
4603,38341003,snomed
4603,389026000,snomed
4603,19943007,snomed
4603,20741006,snomed
4603,52254009,snomed
4603,N17.8,icd10
4603,N17.9,icd10
4603,N17,icd10
4603,I50.22,icd10
4603,I50.33,icd10
4603,I50.30,icd10
4603,I50.42,icd10
4603,I50.23,icd10
4603,I50.20,icd10
4603,I50.31,icd10
4603,I50.43,icd10
4603,I50.3,icd10
4603,I50.32,icd10
4603,I50.4,icd10
4603,I50.40,icd10
4603,I50.41,icd10
4603,I50.21,icd10
4603,I50.2,icd10
4603,J81,icd10
4603,R18,icd10
4603,R18.8,icd10
4603,K74.6,icd10
4603,P78.81,icd10
4603,K74.69,icd10
4603,K74.60,icd10
4603,N04.9,icd10
4603,Z87.441,icd10
4603,N04.8,icd10
4603,N04,icd10
41126,38103000,snomed
2556,191809008,snomed
2556,191736004,snomed
2556,267382005,snomed
2556,35489007,snomed
2556,52448006,snomed
2556,F42,icd10
2556,F42.8,icd10
2556,F42.9,icd10
2556,F32.89,icd10
2556,F32.8,icd10
2556,F03.90,icd10
2556,F03.9,icd10
2556,F03,icd10
7454,56038003,snomed
7454,87628006,snomed
7454,71057007,snomed
7454,68566005,snomed
7454,A49.0,icd10
7454,B95.8,icd10
7454,Z22.39,icd10
7454,B95.7,icd10
7454,A28.8,icd10
7454,Z20.818,icd10
7454,B96.89,icd10
7454,Z20.81,icd10
7454,A28,icd10
7454,B96.8,icd10
7454,A48.8,icd10
7454,A49.9,icd10
7454,A48,icd10
7454,A49,icd10
7454,A28.9,icd10
7454,A49.8,icd10
7454,B96.20,icd10
7454,Z20.01,icd10
7454,B96.2,icd10
7454,B96.29,icd10
7454,N39.0,icd10
7454,Z87.440,icd10
8591,43339004,snomed
8591,43339004,snomed
8591,43339004,snomed
8591,E87.6,icd10
8591,E87.6,icd10
8591,E87.6,icd10
77655,109989006,snomed
77655,126537000,snomed
77655,66931009,snomed
77655,71447003,snomed
77655,C90.00,icd10
77655,C90.02,icd10
77655,C90.0,icd10
77655,C90,icd10
77655,E83.52,icd10
10438,87433001,snomed
10438,32398004,snomed
10438,1023001,snomed
10438,4386001,snomed
10438,48867003,snomed
10438,195967001,snomed
10438,J43.9,icd10
10438,J43,icd10
10438,J43.8,icd10
10438,J40,icd10
10438,R06.81,icd10
10438,R00.1,icd10
10438,J45.9,icd10
10438,J45,icd10
10438,J45.90,icd10
10438,J45.99,icd10
10438,J45.998,icd10
105694,267531008,snomed
41127,302870006,snomed
41127,13644009,snomed
41127,53741008,snomed
41127,3744001,snomed
41127,I25.84,icd10
41127,I25.83,icd10
41127,Z83.430,icd10
3640,75116005,snomed
3640,420079008,snomed
3640,58750007,snomed
3640,86500004,snomed
3640,186462007,snomed
3640,409498004,snomed
3640,186772009,snomed
3640,53084003,snomed
3640,28867007,snomed
3640,2576002,snomed
3640,76272004,snomed
3640,63650001,snomed
3640,60046008,snomed
3640,A70,icd10
3640,A68.9,icd10
3640,A68,icd10
3640,A20,icd10
3640,A20.9,icd10
3640,A20.8,icd10
3640,A22,icd10
3640,A22.8,icd10
3640,A22.9,icd10
3640,A77.0,icd10
3640,J15.9,icd10
3640,J15.8,icd10
3640,J15,icd10
3640,A58,icd10
3640,A71.9,icd10
3640,A71,icd10
3640,A52.78,icd10
3640,A52.75,icd10
3640,A53.9,icd10
3640,A52.74,icd10
3640,A51.9,icd10
3640,A53,icd10
3640,A00.9,icd10
3640,A00,icd10
3640,J91,icd10
3640,J90,icd10
3640,J91.8,icd10
73056,71447003,snomed
73056,32369003,snomed
39786,7461003,snomed
39786,51771007,snomed
39786,191736004,snomed
39786,22253000,snomed
39786,35489007,snomed
39786,408858002,snomed
39786,F90.1,icd10
39786,G93.3,icd10
39786,F42,icd10
39786,F42.8,icd10
39786,F42.9,icd10
39786,R52,icd10
39786,G89,icd10
39786,F32.89,icd10
39786,F32.8,icd10
3355,409668002,snomed
3355,69896004,snomed
3355,225655006,snomed
3355,9631008,snomed
3355,23583003,snomed
3355,254666005,snomed
3355,410795001,snomed
3355,266599000,snomed
3355,H53.71,icd10
3355,M06.251,icd10
3355,M06.22,icd10
3355,M05.10,icd10
3355,M06,icd10
3355,M06.80,icd10
3355,M06.9,icd10
3355,M06.23,icd10
3355,M06.219,icd10
3355,M06.252,icd10
3355,M06.211,icd10
3355,M06.241,icd10
3355,M06.26,icd10
3355,M06.8,icd10
3355,M06.29,icd10
3355,M06.229,icd10
3355,M06.259,icd10
3355,M06.262,icd10
3355,M06.88,icd10
3355,M06.212,icd10
3355,M06.272,icd10
3355,M06.239,icd10
3355,M06.20,icd10
3355,M06.27,icd10
3355,M05.30,icd10
3355,M06.242,icd10
3355,M06.21,icd10
3355,M06.261,icd10
3355,M06.25,icd10
3355,M06.249,icd10
3355,M06.279,icd10
3355,M06.231,icd10
3355,M06.24,icd10
3355,M06.89,icd10
3355,M06.271,icd10
3355,M06.221,icd10
3355,M05.3,icd10
3355,M06.269,icd10
3355,M06.232,icd10
3355,M06.222,icd10
3355,M05,icd10
3355,M45.7,icd10
3355,M45.1,icd10
3355,M45.3,icd10
3355,M45.8,icd10
3355,M45,icd10
3355,M45.9,icd10
3355,M45.6,icd10
3355,M45.4,icd10
3355,M45.2,icd10
3355,M45.0,icd10
3355,M08.08,icd10
3355,M45.5,icd10
3355,M08.28,icd10
3355,M08.032,icd10
3355,M08.90,icd10
3355,M08.911,icd10
3355,M08.042,icd10
3355,M08.80,icd10
3355,M08.862,icd10
3355,M08.932,icd10
3355,M08.861,icd10
3355,M08.97,icd10
3355,M08.08,icd10
3355,M08.062,icd10
3355,M08.972,icd10
3355,M08.872,icd10
3355,M08.831,icd10
3355,M08.931,icd10
3355,M08.939,icd10
3355,M08.921,icd10
3355,M08.039,icd10
3355,M08.819,icd10
3355,M08.049,icd10
3355,M08.011,icd10
3355,M08.079,icd10
3355,M08.041,icd10
3355,M08.951,icd10
3355,M08.929,icd10
3355,M08.962,icd10
3355,M08.812,icd10
3355,M08.99,icd10
3355,M08.949,icd10
3355,M08.941,icd10
3355,M08.89,icd10
3355,M08.971,icd10
3355,M08.88,icd10
3355,M08.91,icd10
3355,M08.022,icd10
3355,M08.859,icd10
3355,M08.06,icd10
3355,M08.9,icd10
3355,M08.071,icd10
3355,M08.00,icd10
3355,M08.912,icd10
3355,M08.851,icd10
3355,M08.919,icd10
3355,M08.922,icd10
3355,M08.069,icd10
3355,M08.961,icd10
3355,M08.979,icd10
3355,M08.059,icd10
3355,M08.87,icd10
3355,M08.029,icd10
3355,M08.072,icd10
3355,M08.871,icd10
3355,M08.031,icd10
3355,M08.07,icd10
3355,M08.98,icd10
3355,M08.879,icd10
3355,M08.829,icd10
3355,M08.0,icd10
3355,M08.019,icd10
3355,M08.01,icd10
3355,M08.061,icd10
3355,M08.94,icd10
3355,M08.839,icd10
3355,M08.052,icd10
3355,M08.969,icd10
3355,M08.849,icd10
3355,M08.03,icd10
3355,M08.869,icd10
3355,M08.942,icd10
3355,M08.832,icd10
3355,M08.012,icd10
3355,M08.8,icd10
3355,M08.05,icd10
3355,M08.821,icd10
3355,M08.841,icd10
3355,M08.02,icd10
3355,M08.952,icd10
3355,M08.021,icd10
3355,M08.04,icd10
3355,M08.959,icd10
3355,M08.051,icd10
3355,M08.09,icd10
3355,M08.822,icd10
3355,M08.81,icd10
3355,M08.84,icd10
3355,M08.93,icd10
3355,M08.852,icd10
3355,M08.811,icd10
3355,M08.842,icd10
3355,N94.6,icd10
6058,235595009,snomed
6058,42343007,snomed
6058,53741008,snomed
6058,79962008,snomed
6058,75478009,snomed
6058,119419001,snomed
6058,194828000,snomed
6058,K21,icd10
6058,I50.22,icd10
6058,I50.33,icd10
6058,I50.30,icd10
6058,I50.42,icd10
6058,I50.23,icd10
6058,I50.20,icd10
6058,I50.31,icd10
6058,I50.43,icd10
6058,I50.3,icd10
6058,I50.32,icd10
6058,I50.4,icd10
6058,I50.40,icd10
6058,I50.41,icd10
6058,I50.21,icd10
6058,I50.2,icd10
6058,I25.84,icd10
6058,I25.83,icd10
6058,K22.4,icd10
6058,T65,icd10
6058,I20.8,icd10
6058,I25.119,icd10
6058,I25.769,icd10
6058,I25.76,icd10
6058,I25.7,icd10
6058,I25.72,icd10
6058,I25.75,icd10
6058,I20,icd10
6058,I25.70,icd10
6058,I25.709,icd10
6058,I25.738,icd10
6058,I25.719,icd10
6058,I25.73,icd10
6058,I25.728,icd10
6058,I25.798,icd10
6058,I25.759,icd10
6058,I25.708,icd10
6058,I25.11,icd10
6058,I25.79,icd10
6058,I25.739,icd10
6058,I25.799,icd10
6058,I25.729,icd10
6058,I25.71,icd10
6058,I25.768,icd10
6058,I25.118,icd10
6058,I25.718,icd10
6058,I25.758,icd10
6058,I20.9,icd10
7646,53132006,snomed
7646,235595009,snomed
7646,196642007,snomed
7646,16331000,snomed
7646,16761005,snomed
7646,51868009,snomed
7646,K21,icd10
7646,R12,icd10
7646,K20.9,icd10
7646,K20.8,icd10
7646,K20,icd10
7646,K26,icd10
7646,K26.9,icd10
10829,56038003,snomed
10829,32398004,snomed
10829,186437007,snomed
10829,415125002,snomed
10829,87628006,snomed
10829,128984004,snomed
10829,71057007,snomed
10829,187192000,snomed
10829,68566005,snomed
10829,A49.0,icd10
10829,B95.8,icd10
10829,Z22.39,icd10
10829,B95.7,icd10
10829,J40,icd10
10829,B96.4,icd10
10829,A28.8,icd10
10829,Z20.818,icd10
10829,B96.89,icd10
10829,Z20.81,icd10
10829,A28,icd10
10829,B96.8,icd10
10829,A48.8,icd10
10829,A49.9,icd10
10829,A48,icd10
10829,A49,icd10
10829,A28.9,icd10
10829,A49.8,icd10
10829,B96.20,icd10
10829,Z20.01,icd10
10829,B96.2,icd10
10829,B96.29,icd10
10829,B58,icd10
10829,B58.8,icd10
10829,B58.89,icd10
10829,B58.9,icd10
10829,N39.0,icd10
10829,Z87.440,icd10
10689,22253000,snomed
10689,R52,icd10
10689,G89,icd10
4511,53165003,snomed
4511,190633005,snomed
4511,D53.1,icd10
2418,34000006,snomed
2418,126488004,snomed
2418,90688005,snomed
2418,203428004,snomed
2418,105980002,snomed
2418,200961000,snomed
2418,36976004,snomed
2418,126713003,snomed
2418,K50.913,icd10
2418,K50.9,icd10
2418,K50.90,icd10
2418,K50,icd10
2418,E20,icd10
2418,E20.9,icd10
2418,E20.8,icd10
140587,72900001,snomed
140587,69896004,snomed
140587,225655006,snomed
140587,9631008,snomed
140587,266599000,snomed
140587,M06.251,icd10
140587,M06.22,icd10
140587,M05.10,icd10
140587,M06,icd10
140587,M06.80,icd10
140587,M06.9,icd10
140587,M06.23,icd10
140587,M06.219,icd10
140587,M06.252,icd10
140587,M06.211,icd10
140587,M06.241,icd10
140587,M06.26,icd10
140587,M06.8,icd10
140587,M06.29,icd10
140587,M06.229,icd10
140587,M06.259,icd10
140587,M06.262,icd10
140587,M06.88,icd10
140587,M06.212,icd10
140587,M06.272,icd10
140587,M06.239,icd10
140587,M06.20,icd10
140587,M06.27,icd10
140587,M05.30,icd10
140587,M06.242,icd10
140587,M06.21,icd10
140587,M06.261,icd10
140587,M06.25,icd10
140587,M06.249,icd10
140587,M06.279,icd10
140587,M06.231,icd10
140587,M06.24,icd10
140587,M06.89,icd10
140587,M06.271,icd10
140587,M06.221,icd10
140587,M05.3,icd10
140587,M06.269,icd10
140587,M06.232,icd10
140587,M06.222,icd10
140587,M05,icd10
140587,M45.7,icd10
140587,M45.1,icd10
140587,M45.3,icd10
140587,M45.8,icd10
140587,M45,icd10
140587,M45.9,icd10
140587,M45.6,icd10
140587,M45.4,icd10
140587,M45.2,icd10
140587,M45.0,icd10
140587,M08.08,icd10
140587,M45.5,icd10
140587,M08.28,icd10
140587,N94.6,icd10
6809,44054006,snomed
6809,E11.52,icd10
6809,E11.621,icd10
6809,E11.8,icd10
6809,E11.649,icd10
6809,E11.10,icd10
6809,E11.22,icd10
6809,E11.638,icd10
6809,E11.1,icd10
6809,E11.630,icd10
6809,E11.69,icd10
6809,E11.63,icd10
6809,E11.37,icd10
6809,E11.00,icd10
6809,E11.37X2,icd10
6809,E11.37X9,icd10
6809,E11.6,icd10
6809,E11,icd10
6809,E11.65,icd10
6809,E11.64,icd10
6809,E11.0,icd10
6809,E11.37X3,icd10
6809,E11.37X1,icd10
6835,3716002,snomed
6835,29028009,snomed
6835,E05.81,icd10
6835,E05.91,icd10
10582,43153006,snomed
10582,66944004,snomed
10582,3716002,snomed
10582,90739004,snomed
10582,127018007,snomed
10582,E06.3,icd10
10582,E05.80,icd10
10582,E05.90,icd10
10582,E05.9,icd10
10582,E05.8,icd10
88249,38103000,snomed
88249,195967001,snomed
88249,J45.9,icd10
88249,J45,icd10
88249,J45.90,icd10
88249,J45.99,icd10
88249,J45.998,icd10
8120,22253000,snomed
8120,R52,icd10
8120,G89,icd10
6916,42343007,snomed
6916,38341003,snomed
6916,20741006,snomed
6916,52254009,snomed
6916,I50.22,icd10
6916,I50.33,icd10
6916,I50.30,icd10
6916,I50.42,icd10
6916,I50.23,icd10
6916,I50.20,icd10
6916,I50.31,icd10
6916,I50.43,icd10
6916,I50.3,icd10
6916,I50.32,icd10
6916,I50.4,icd10
6916,I50.40,icd10
6916,I50.41,icd10
6916,I50.21,icd10
6916,I50.2,icd10
6916,N04.9,icd10
6916,Z87.441,icd10
6916,N04.8,icd10
6916,N04,icd10
77492,367483003,snomed
69749,42343007,snomed
69749,38341003,snomed
69749,197605007,snomed
69749,I50.22,icd10
69749,I50.33,icd10
69749,I50.30,icd10
69749,I50.42,icd10
69749,I50.23,icd10
69749,I50.20,icd10
69749,I50.31,icd10
69749,I50.43,icd10
69749,I50.3,icd10
69749,I50.32,icd10
69749,I50.4,icd10
69749,I50.40,icd10
69749,I50.41,icd10
69749,I50.21,icd10
69749,I50.2,icd10
5640,69896004,snomed
5640,90560007,snomed
5640,225655006,snomed
5640,84017003,snomed
5640,9631008,snomed
5640,386692008,snomed
5640,23583003,snomed
5640,50177009,snomed
5640,410795001,snomed
5640,266599000,snomed
5640,213299007,snomed
5640,82639001,snomed
5640,M06.251,icd10
5640,M06.22,icd10
5640,M05.10,icd10
5640,M06,icd10
5640,M06.80,icd10
5640,M06.9,icd10
5640,M06.23,icd10
5640,M06.219,icd10
5640,M06.252,icd10
5640,M06.211,icd10
5640,M06.241,icd10
5640,M06.26,icd10
5640,M06.8,icd10
5640,M06.29,icd10
5640,M06.229,icd10
5640,M06.259,icd10
5640,M06.262,icd10
5640,M06.88,icd10
5640,M06.212,icd10
5640,M06.272,icd10
5640,M06.239,icd10
5640,M06.20,icd10
5640,M06.27,icd10
5640,M05.30,icd10
5640,M06.242,icd10
5640,M06.21,icd10
5640,M06.261,icd10
5640,M06.25,icd10
5640,M06.249,icd10
5640,M06.279,icd10
5640,M06.231,icd10
5640,M06.24,icd10
5640,M06.89,icd10
5640,M06.271,icd10
5640,M06.221,icd10
5640,M05.3,icd10
5640,M06.269,icd10
5640,M06.232,icd10
5640,M06.222,icd10
5640,M05,icd10
5640,M1A,icd10
5640,M10.9,icd10
5640,M10,icd10
5640,M1A.9,icd10
5640,M71.50,icd10
5640,M71.5,icd10
5640,M06.2,icd10
5640,M71.58,icd10
5640,M06.20,icd10
5640,M06.28,icd10
5640,M71.1,icd10
5640,M71.18,icd10
5640,M71.10,icd10
5640,M45.7,icd10
5640,M45.1,icd10
5640,M45.3,icd10
5640,M45.8,icd10
5640,M45,icd10
5640,M45.9,icd10
5640,M45.6,icd10
5640,M45.4,icd10
5640,M45.2,icd10
5640,M45.0,icd10
5640,M08.08,icd10
5640,M45.5,icd10
5640,M08.28,icd10
5640,N92.4,icd10
5640,M08.032,icd10
5640,M08.90,icd10
5640,M08.911,icd10
5640,M08.042,icd10
5640,M08.80,icd10
5640,M08.862,icd10
5640,M08.932,icd10
5640,M08.861,icd10
5640,M08.97,icd10
5640,M08.08,icd10
5640,M08.062,icd10
5640,M08.972,icd10
5640,M08.872,icd10
5640,M08.831,icd10
5640,M08.931,icd10
5640,M08.939,icd10
5640,M08.921,icd10
5640,M08.039,icd10
5640,M08.819,icd10
5640,M08.049,icd10
5640,M08.011,icd10
5640,M08.079,icd10
5640,M08.041,icd10
5640,M08.951,icd10
5640,M08.929,icd10
5640,M08.962,icd10
5640,M08.812,icd10
5640,M08.99,icd10
5640,M08.949,icd10
5640,M08.941,icd10
5640,M08.89,icd10
5640,M08.971,icd10
5640,M08.88,icd10
5640,M08.91,icd10
5640,M08.022,icd10
5640,M08.859,icd10
5640,M08.06,icd10
5640,M08.9,icd10
5640,M08.071,icd10
5640,M08.00,icd10
5640,M08.912,icd10
5640,M08.851,icd10
5640,M08.919,icd10
5640,M08.922,icd10
5640,M08.069,icd10
5640,M08.961,icd10
5640,M08.979,icd10
5640,M08.059,icd10
5640,M08.87,icd10
5640,M08.029,icd10
5640,M08.072,icd10
5640,M08.871,icd10
5640,M08.031,icd10
5640,M08.07,icd10
5640,M08.98,icd10
5640,M08.879,icd10
5640,M08.829,icd10
5640,M08.0,icd10
5640,M08.019,icd10
5640,M08.01,icd10
5640,M08.061,icd10
5640,M08.94,icd10
5640,M08.839,icd10
5640,M08.052,icd10
5640,M08.969,icd10
5640,M08.849,icd10
5640,M08.03,icd10
5640,M08.869,icd10
5640,M08.942,icd10
5640,M08.832,icd10
5640,M08.012,icd10
5640,M08.8,icd10
5640,M08.05,icd10
5640,M08.821,icd10
5640,M08.841,icd10
5640,M08.02,icd10
5640,M08.952,icd10
5640,M08.021,icd10
5640,M08.04,icd10
5640,M08.959,icd10
5640,M08.051,icd10
5640,M08.09,icd10
5640,M08.822,icd10
5640,M08.81,icd10
5640,M08.84,icd10
5640,M08.93,icd10
5640,M08.852,icd10
5640,M08.811,icd10
5640,M08.842,icd10
5640,N94.6,icd10
5640,N94.3,icd10
7417,38341003,snomed
7417,87343002,snomed
6915,235595009,snomed
6915,1488000,snomed
6915,235675006,snomed
6915,K21,icd10
6915,K31.84,icd10
25037,90176007,snomed
25037,128936008,snomed
25037,56038003,snomed
25037,32398004,snomed
25037,186437007,snomed
25037,53084003,snomed
25037,36971009,snomed
25037,87628006,snomed
25037,65363002,snomed
25037,71057007,snomed
25037,41659003,snomed
25037,85769006,snomed
25037,A49.0,icd10
25037,B95.8,icd10
25037,Z22.39,icd10
25037,B95.7,icd10
25037,J40,icd10
25037,B96.4,icd10
25037,J15.9,icd10
25037,J15.8,icd10
25037,J15,icd10
25037,A28.8,icd10
25037,Z20.818,icd10
25037,B96.89,icd10
25037,Z20.81,icd10
25037,A28,icd10
25037,B96.8,icd10
25037,A48.8,icd10
25037,A49.9,icd10
25037,A48,icd10
25037,A49,icd10
25037,A28.9,icd10
25037,A49.8,icd10
25037,H66,icd10
25037,H66.9,icd10
25037,H67.3,icd10
25037,H66.90,icd10
25037,H66.91,icd10
25037,H67.9,icd10
25037,H67.1,icd10
25037,H67.2,icd10
25037,H66.92,icd10
25037,H66.93,icd10
25037,H67,icd10
25037,B96.20,icd10
25037,Z20.01,icd10
25037,B96.2,icd10
25037,B96.29,icd10
25037,A49.1,icd10
25037,B95.4,icd10
25037,B95.5,icd10
2409,42343007,snomed
2409,38341003,snomed
2409,236391006,snomed
2409,19943007,snomed
2409,266553002,snomed
2409,20741006,snomed
2409,52254009,snomed
2409,I50.22,icd10
2409,I50.33,icd10
2409,I50.30,icd10
2409,I50.42,icd10
2409,I50.23,icd10
2409,I50.20,icd10
2409,I50.31,icd10
2409,I50.43,icd10
2409,I50.3,icd10
2409,I50.32,icd10
2409,I50.4,icd10
2409,I50.40,icd10
2409,I50.41,icd10
2409,I50.21,icd10
2409,I50.2,icd10
2409,K74.6,icd10
2409,P78.81,icd10
2409,K74.69,icd10
2409,K74.60,icd10
2409,N04.9,icd10
2409,Z87.441,icd10
2409,N04.8,icd10
2409,N04,icd10
7804,213299007,snomed
2599,7461003,snomed
2599,221360009,snomed
2599,62315008,snomed
2599,23986001,snomed
2599,38341003,snomed
2599,5158005,snomed
2599,53827007,snomed
2599,198436008,snomed
2599,266599000,snomed
2599,F90.1,icd10
2599,R19.7,icd10
2599,H40.8,icd10
2599,H40.9,icd10
2599,H40.89,icd10
2599,H40,icd10
2599,F95.2,icd10
2599,N94.6,icd10
29046,22298006,snomed
29046,42343007,snomed
29046,38341003,snomed
29046,197605007,snomed
29046,I21.A9,icd10
29046,I21.A,icd10
29046,I21.A1,icd10
29046,I50.22,icd10
29046,I50.33,icd10
29046,I50.30,icd10
29046,I50.42,icd10
29046,I50.23,icd10
29046,I50.20,icd10
29046,I50.31,icd10
29046,I50.43,icd10
29046,I50.3,icd10
29046,I50.32,icd10
29046,I50.4,icd10
29046,I50.40,icd10
29046,I50.41,icd10
29046,I50.21,icd10
29046,I50.2,icd10
3322,221360009,snomed
3322,371631005,snomed
3322,230456007,snomed
3322,8635005,snomed
3322,G40.B01,icd10
3322,G40.101,icd10
3322,G40.A01,icd10
3322,G40.001,icd10
3322,G40.A11,icd10
3322,G40.201,icd10
3322,G40.821,icd10
3322,G40.811,icd10
3322,G40.B11,icd10
3322,G40.901,icd10
3322,G40.801,icd10
3322,F10.231,icd10
61381,58214004,snomed
61381,69322001,snomed
61381,13746004,snomed
61381,F20.9,icd10
61381,F20,icd10
61381,F20.8,icd10
61381,F20.89,icd10
61381,F28,icd10
61381,F29,icd10
61381,F31.9,icd10
61381,F31.8,icd10
61381,F31,icd10
61381,F31.89,icd10
114477,230381009,snomed
114477,352818000,snomed
114477,6204001,snomed
114477,84757009,snomed
114477,G40.B09,icd10
114477,G40.B,icd10
114477,G40.B01,icd10
114477,G40.B0,icd10
114477,G40,icd10
114477,G40.90,icd10
114477,G40.802,icd10
114477,G40.9,icd10
114477,G40.80,icd10
114477,G40.909,icd10
114477,G40.8,icd10
18631,90176007,snomed
18631,56038003,snomed
18631,95896000,snomed
18631,105629000,snomed
18631,108365000,snomed
18631,111812000,snomed
18631,87628006,snomed
18631,65363002,snomed
18631,31822004,snomed
18631,46970008,snomed
18631,41659003,snomed
18631,85769006,snomed
18631,A49.0,icd10
18631,B95.8,icd10
18631,Z22.39,icd10
18631,B95.7,icd10
18631,B64,icd10
18631,B60,icd10
18631,B60.8,icd10
18631,A74.8,icd10
18631,A74,icd10
18631,A56.1,icd10
18631,A56,icd10
18631,A74.89,icd10
18631,A74.9,icd10
18631,A28.8,icd10
18631,Z20.818,icd10
18631,B96.89,icd10
18631,Z20.81,icd10
18631,A28,icd10
18631,B96.8,icd10
18631,A48.8,icd10
18631,A49.9,icd10
18631,A48,icd10
18631,A49,icd10
18631,A28.9,icd10
18631,A49.8,icd10
18631,H66,icd10
18631,H66.9,icd10
18631,H67.3,icd10
18631,H66.90,icd10
18631,H66.91,icd10
18631,H67.9,icd10
18631,H67.1,icd10
18631,H67.2,icd10
18631,H66.92,icd10
18631,H66.93,icd10
18631,H67,icd10
18631,N34.2,icd10
18631,J15.7,icd10
18631,A49.1,icd10
18631,B95.4,icd10
18631,B95.5,icd10
6845,55300003,snomed
6845,22253000,snomed
6845,203110007,snomed
6845,276202003,snomed
6845,45352006,snomed
6845,16046003,snomed
6845,R52,icd10
6845,G89,icd10
6845,M62.83,icd10
6845,M62.831,icd10
6845,R25.2,icd10
6845,M62.838,icd10
816346,235595009,snomed
816346,16331000,snomed
816346,57643001,snomed
816346,K21,icd10
816346,R12,icd10
301542,302870006,snomed
301542,13644009,snomed
301542,53741008,snomed
301542,3744001,snomed
301542,I25.84,icd10
301542,I25.83,icd10
301542,Z83.430,icd10
161,22253000,snomed
161,50177009,snomed
161,R52,icd10
161,G89,icd10
8356,69896004,snomed
8356,23346002,snomed
8356,225655006,snomed
8356,9631008,snomed
8356,23583003,snomed
8356,M06.251,icd10
8356,M06.22,icd10
8356,M05.10,icd10
8356,M06,icd10
8356,M06.80,icd10
8356,M06.9,icd10
8356,M06.23,icd10
8356,M06.219,icd10
8356,M06.252,icd10
8356,M06.211,icd10
8356,M06.241,icd10
8356,M06.26,icd10
8356,M06.8,icd10
8356,M06.29,icd10
8356,M06.229,icd10
8356,M06.259,icd10
8356,M06.262,icd10
8356,M06.88,icd10
8356,M06.212,icd10
8356,M06.272,icd10
8356,M06.239,icd10
8356,M06.20,icd10
8356,M06.27,icd10
8356,M05.30,icd10
8356,M06.242,icd10
8356,M06.21,icd10
8356,M06.261,icd10
8356,M06.25,icd10
8356,M06.249,icd10
8356,M06.279,icd10
8356,M06.231,icd10
8356,M06.24,icd10
8356,M06.89,icd10
8356,M06.271,icd10
8356,M06.221,icd10
8356,M05.3,icd10
8356,M06.269,icd10
8356,M06.232,icd10
8356,M06.222,icd10
8356,M05,icd10
8356,M45.7,icd10
8356,M45.1,icd10
8356,M45.3,icd10
8356,M45.8,icd10
8356,M45,icd10
8356,M45.9,icd10
8356,M45.6,icd10
8356,M45.4,icd10
8356,M45.2,icd10
8356,M45.0,icd10
8356,M08.08,icd10
8356,M45.5,icd10
8356,M08.28,icd10
36117,4386001,snomed
36117,195967001,snomed
36117,J45.9,icd10
36117,J45,icd10
36117,J45.90,icd10
36117,J45.99,icd10
36117,J45.998,icd10
8183,352818000,snomed
8183,230456007,snomed
8183,84757009,snomed
8183,193000002,snomed
8183,G40.B01,icd10
8183,G40.101,icd10
8183,G40.A01,icd10
8183,G40.001,icd10
8183,G40.A11,icd10
8183,G40.201,icd10
8183,G40.821,icd10
8183,G40.811,icd10
8183,G40.B11,icd10
8183,G40.901,icd10
8183,G40.801,icd10
8183,G40,icd10
8183,G40.90,icd10
8183,G40.802,icd10
8183,G40.9,icd10
8183,G40.80,icd10
8183,G40.909,icd10
8183,G40.8,icd10
17128,235595009,snomed
17128,53132006,snomed
17128,196642007,snomed
17128,16761005,snomed
17128,51868009,snomed
17128,K21,icd10
17128,K20.9,icd10
17128,K20.8,icd10
17128,K20,icd10
17128,K26,icd10
17128,K26.9,icd10
435,4386001,snomed
435,195967001,snomed
435,J45.9,icd10
435,J45,icd10
435,J45.90,icd10
435,J45.99,icd10
435,J45.998,icd10
20352,22298006,snomed
20352,42343007,snomed
20352,38341003,snomed
20352,194828000,snomed
20352,I21.A9,icd10
20352,I21.A,icd10
20352,I21.A1,icd10
20352,I50.22,icd10
20352,I50.33,icd10
20352,I50.30,icd10
20352,I50.42,icd10
20352,I50.23,icd10
20352,I50.20,icd10
20352,I50.31,icd10
20352,I50.43,icd10
20352,I50.3,icd10
20352,I50.32,icd10
20352,I50.4,icd10
20352,I50.40,icd10
20352,I50.41,icd10
20352,I50.21,icd10
20352,I50.2,icd10
20352,I20.8,icd10
20352,I25.119,icd10
20352,I25.769,icd10
20352,I25.76,icd10
20352,I25.7,icd10
20352,I25.72,icd10
20352,I25.75,icd10
20352,I20,icd10
20352,I25.70,icd10
20352,I25.709,icd10
20352,I25.738,icd10
20352,I25.719,icd10
20352,I25.73,icd10
20352,I25.728,icd10
20352,I25.798,icd10
20352,I25.759,icd10
20352,I25.708,icd10
20352,I25.11,icd10
20352,I25.79,icd10
20352,I25.739,icd10
20352,I25.799,icd10
20352,I25.729,icd10
20352,I25.71,icd10
20352,I25.768,icd10
20352,I25.118,icd10
20352,I25.718,icd10
20352,I25.758,icd10
20352,I20.9,icd10
9796,267052005,snomed
7258,27355003,snomed
7258,82272006,snomed
7258,25064002,snomed
7258,69896004,snomed
7258,90560007,snomed
7258,267984001,snomed
7258,225655006,snomed
7258,9631008,snomed
7258,84017003,snomed
7258,23583003,snomed
7258,50177009,snomed
7258,410795001,snomed
7258,266599000,snomed
7258,J00,icd10
7258,G44.8,icd10
7258,G44.5,icd10
7258,R51,icd10
7258,M06.251,icd10
7258,M06.22,icd10
7258,M05.10,icd10
7258,M06,icd10
7258,M06.80,icd10
7258,M06.9,icd10
7258,M06.23,icd10
7258,M06.219,icd10
7258,M06.252,icd10
7258,M06.211,icd10
7258,M06.241,icd10
7258,M06.26,icd10
7258,M06.8,icd10
7258,M06.29,icd10
7258,M06.229,icd10
7258,M06.259,icd10
7258,M06.262,icd10
7258,M06.88,icd10
7258,M06.212,icd10
7258,M06.272,icd10
7258,M06.239,icd10
7258,M06.20,icd10
7258,M06.27,icd10
7258,M05.30,icd10
7258,M06.242,icd10
7258,M06.21,icd10
7258,M06.261,icd10
7258,M06.25,icd10
7258,M06.249,icd10
7258,M06.279,icd10
7258,M06.231,icd10
7258,M06.24,icd10
7258,M06.89,icd10
7258,M06.271,icd10
7258,M06.221,icd10
7258,M05.3,icd10
7258,M06.269,icd10
7258,M06.232,icd10
7258,M06.222,icd10
7258,M05,icd10
7258,M1A,icd10
7258,M10.9,icd10
7258,M10,icd10
7258,M1A.9,icd10
7258,M45.7,icd10
7258,M45.1,icd10
7258,M45.3,icd10
7258,M45.8,icd10
7258,M45,icd10
7258,M45.9,icd10
7258,M45.6,icd10
7258,M45.4,icd10
7258,M45.2,icd10
7258,M45.0,icd10
7258,M08.08,icd10
7258,M45.5,icd10
7258,M08.28,icd10
7258,M71.50,icd10
7258,M71.5,icd10
7258,M06.2,icd10
7258,M71.58,icd10
7258,M06.20,icd10
7258,M06.28,icd10
7258,M71.1,icd10
7258,M71.18,icd10
7258,M71.10,icd10
7258,M08.032,icd10
7258,M08.90,icd10
7258,M08.911,icd10
7258,M08.042,icd10
7258,M08.80,icd10
7258,M08.862,icd10
7258,M08.932,icd10
7258,M08.861,icd10
7258,M08.97,icd10
7258,M08.08,icd10
7258,M08.062,icd10
7258,M08.972,icd10
7258,M08.872,icd10
7258,M08.831,icd10
7258,M08.931,icd10
7258,M08.939,icd10
7258,M08.921,icd10
7258,M08.039,icd10
7258,M08.819,icd10
7258,M08.049,icd10
7258,M08.011,icd10
7258,M08.079,icd10
7258,M08.041,icd10
7258,M08.951,icd10
7258,M08.929,icd10
7258,M08.962,icd10
7258,M08.812,icd10
7258,M08.99,icd10
7258,M08.949,icd10
7258,M08.941,icd10
7258,M08.89,icd10
7258,M08.971,icd10
7258,M08.88,icd10
7258,M08.91,icd10
7258,M08.022,icd10
7258,M08.859,icd10
7258,M08.06,icd10
7258,M08.9,icd10
7258,M08.071,icd10
7258,M08.00,icd10
7258,M08.912,icd10
7258,M08.851,icd10
7258,M08.919,icd10
7258,M08.922,icd10
7258,M08.069,icd10
7258,M08.961,icd10
7258,M08.979,icd10
7258,M08.059,icd10
7258,M08.87,icd10
7258,M08.029,icd10
7258,M08.072,icd10
7258,M08.871,icd10
7258,M08.031,icd10
7258,M08.07,icd10
7258,M08.98,icd10
7258,M08.879,icd10
7258,M08.829,icd10
7258,M08.0,icd10
7258,M08.019,icd10
7258,M08.01,icd10
7258,M08.061,icd10
7258,M08.94,icd10
7258,M08.839,icd10
7258,M08.052,icd10
7258,M08.969,icd10
7258,M08.849,icd10
7258,M08.03,icd10
7258,M08.869,icd10
7258,M08.942,icd10
7258,M08.832,icd10
7258,M08.012,icd10
7258,M08.8,icd10
7258,M08.05,icd10
7258,M08.821,icd10
7258,M08.841,icd10
7258,M08.02,icd10
7258,M08.952,icd10
7258,M08.021,icd10
7258,M08.04,icd10
7258,M08.959,icd10
7258,M08.051,icd10
7258,M08.09,icd10
7258,M08.822,icd10
7258,M08.81,icd10
7258,M08.84,icd10
7258,M08.93,icd10
7258,M08.852,icd10
7258,M08.811,icd10
7258,M08.842,icd10
7258,N94.6,icd10
11289,385486001,snomed
11289,371039008,snomed
11289,49436004,snomed
11289,59282003,snomed
11289,230690007,snomed
11289,64156001,snomed
11289,O88.211,icd10
11289,O88.23,icd10
11289,O88.22,icd10
11289,O88.219,icd10
11289,O88.213,icd10
11289,O88.21,icd10
11289,O88.2,icd10
11289,O88.212,icd10
11289,I48.91,icd10
11289,I26,icd10
11289,Z86.711,icd10
11289,I26.0,icd10
11289,I26.99,icd10
11289,I26.9,icd10
11289,I26.09,icd10
11289,Z86.72,icd10
358258,109989006,snomed
358258,74654000,snomed
358258,C90.00,icd10
358258,C90.02,icd10
358258,C90.0,icd10
358258,C90,icd10
10180,63480004,snomed
10180,95896000,snomed
10180,415125002,snomed
10180,87628006,snomed
10180,65363002,snomed
10180,29227009,snomed
10180,187192000,snomed
10180,3218000,snomed
10180,68566005,snomed
10180,J42,icd10
10180,J41,icd10
10180,B64,icd10
10180,B60,icd10
10180,B60.8,icd10
10180,A28.8,icd10
10180,Z20.818,icd10
10180,B96.89,icd10
10180,Z20.81,icd10
10180,A28,icd10
10180,B96.8,icd10
10180,A48.8,icd10
10180,A49.9,icd10
10180,A48,icd10
10180,A49,icd10
10180,A28.9,icd10
10180,A49.8,icd10
10180,H66,icd10
10180,H66.9,icd10
10180,H67.3,icd10
10180,H66.90,icd10
10180,H66.91,icd10
10180,H67.9,icd10
10180,H67.1,icd10
10180,H67.2,icd10
10180,H66.92,icd10
10180,H66.93,icd10
10180,H67,icd10
10180,A43.8,icd10
10180,A43.9,icd10
10180,A43,icd10
10180,B58,icd10
10180,B58.8,icd10
10180,B58.89,icd10
10180,B58.9,icd10
10180,B48,icd10
10180,B48.8,icd10
10180,B49,icd10
10180,N39.0,icd10
10180,Z87.440,icd10
31448,22253000,snomed
31448,69896004,snomed
31448,225655006,snomed
31448,23583003,snomed
31448,R52,icd10
31448,G89,icd10
31448,M06.251,icd10
31448,M06.22,icd10
31448,M05.10,icd10
31448,M06,icd10
31448,M06.80,icd10
31448,M06.9,icd10
31448,M06.23,icd10
31448,M06.219,icd10
31448,M06.252,icd10
31448,M06.211,icd10
31448,M06.241,icd10
31448,M06.26,icd10
31448,M06.8,icd10
31448,M06.29,icd10
31448,M06.229,icd10
31448,M06.259,icd10
31448,M06.262,icd10
31448,M06.88,icd10
31448,M06.212,icd10
31448,M06.272,icd10
31448,M06.239,icd10
31448,M06.20,icd10
31448,M06.27,icd10
31448,M05.30,icd10
31448,M06.242,icd10
31448,M06.21,icd10
31448,M06.261,icd10
31448,M06.25,icd10
31448,M06.249,icd10
31448,M06.279,icd10
31448,M06.231,icd10
31448,M06.24,icd10
31448,M06.89,icd10
31448,M06.271,icd10
31448,M06.221,icd10
31448,M05.3,icd10
31448,M06.269,icd10
31448,M06.232,icd10
31448,M06.222,icd10
31448,M05,icd10
35827,22253000,snomed
35827,R52,icd10
35827,G89,icd10
24605,22253000,snomed
24605,69896004,snomed
24605,225655006,snomed
24605,R52,icd10
24605,G89,icd10
24605,M06.251,icd10
24605,M06.22,icd10
24605,M05.10,icd10
24605,M06,icd10
24605,M06.80,icd10
24605,M06.9,icd10
24605,M06.23,icd10
24605,M06.219,icd10
24605,M06.252,icd10
24605,M06.211,icd10
24605,M06.241,icd10
24605,M06.26,icd10
24605,M06.8,icd10
24605,M06.29,icd10
24605,M06.229,icd10
24605,M06.259,icd10
24605,M06.262,icd10
24605,M06.88,icd10
24605,M06.212,icd10
24605,M06.272,icd10
24605,M06.239,icd10
24605,M06.20,icd10
24605,M06.27,icd10
24605,M05.30,icd10
24605,M06.242,icd10
24605,M06.21,icd10
24605,M06.261,icd10
24605,M06.25,icd10
24605,M06.249,icd10
24605,M06.279,icd10
24605,M06.231,icd10
24605,M06.24,icd10
24605,M06.89,icd10
24605,M06.271,icd10
24605,M06.221,icd10
24605,M05.3,icd10
24605,M06.269,icd10
24605,M06.232,icd10
24605,M06.222,icd10
24605,M05,icd10
11170,5370000,snomed
11170,22298006,snomed
11170,38341003,snomed
11170,87343002,snomed
11170,49436004,snomed
11170,6456007,snomed
11170,I48.92,icd10
11170,I21.A9,icd10
11170,I21.A,icd10
11170,I21.A1,icd10
11170,I48.91,icd10
11170,I47.1,icd10
4441,25569003,snomed
4441,49436004,snomed
4441,195107004,snomed
4441,6456007,snomed
4441,I47.2,icd10
4441,I48.91,icd10
4441,I47.1,icd10
25255,4386001,snomed
25255,195967001,snomed
25255,J45.9,icd10
25255,J45,icd10
25255,J45.90,icd10
25255,J45.99,icd10
25255,J45.998,icd10
6851,34000006,snomed
6851,126713003,snomed
6851,126817006,snomed
6851,126824007,snomed
6851,44782008,snomed
6851,21708004,snomed
6851,69896004,snomed
6851,93143009,snomed
6851,188188009,snomed
6851,126900000,snomed
6851,200961000,snomed
6851,188618003,snomed
6851,410795001,snomed
6851,126926005,snomed
6851,K50.913,icd10
6851,K50.9,icd10
6851,K50.90,icd10
6851,K50,icd10
6851,M06.251,icd10
6851,M06.22,icd10
6851,M05.10,icd10
6851,M06,icd10
6851,M06.80,icd10
6851,M06.9,icd10
6851,M06.23,icd10
6851,M06.219,icd10
6851,M06.252,icd10
6851,M06.211,icd10
6851,M06.241,icd10
6851,M06.26,icd10
6851,M06.8,icd10
6851,M06.29,icd10
6851,M06.229,icd10
6851,M06.259,icd10
6851,M06.262,icd10
6851,M06.88,icd10
6851,M06.212,icd10
6851,M06.272,icd10
6851,M06.239,icd10
6851,M06.20,icd10
6851,M06.27,icd10
6851,M05.30,icd10
6851,M06.242,icd10
6851,M06.21,icd10
6851,M06.261,icd10
6851,M06.25,icd10
6851,M06.249,icd10
6851,M06.279,icd10
6851,M06.231,icd10
6851,M06.24,icd10
6851,M06.89,icd10
6851,M06.271,icd10
6851,M06.221,icd10
6851,M05.3,icd10
6851,M06.269,icd10
6851,M06.232,icd10
6851,M06.222,icd10
6851,M05,icd10
6851,C95,icd10
6851,C94,icd10
6851,C94.8,icd10
6851,C95.90,icd10
6851,Z85.6,icd10
6851,C94.82,icd10
6851,C95.9,icd10
6851,C95.92,icd10
6851,C94.80,icd10
6851,M08.032,icd10
6851,M08.90,icd10
6851,M08.911,icd10
6851,M08.042,icd10
6851,M08.80,icd10
6851,M08.862,icd10
6851,M08.932,icd10
6851,M08.861,icd10
6851,M08.97,icd10
6851,M08.08,icd10
6851,M08.062,icd10
6851,M08.972,icd10
6851,M08.872,icd10
6851,M08.831,icd10
6851,M08.931,icd10
6851,M08.939,icd10
6851,M08.921,icd10
6851,M08.039,icd10
6851,M08.819,icd10
6851,M08.049,icd10
6851,M08.011,icd10
6851,M08.079,icd10
6851,M08.041,icd10
6851,M08.951,icd10
6851,M08.929,icd10
6851,M08.962,icd10
6851,M08.812,icd10
6851,M08.99,icd10
6851,M08.949,icd10
6851,M08.941,icd10
6851,M08.89,icd10
6851,M08.971,icd10
6851,M08.88,icd10
6851,M08.91,icd10
6851,M08.022,icd10
6851,M08.859,icd10
6851,M08.06,icd10
6851,M08.9,icd10
6851,M08.071,icd10
6851,M08.00,icd10
6851,M08.912,icd10
6851,M08.851,icd10
6851,M08.919,icd10
6851,M08.922,icd10
6851,M08.069,icd10
6851,M08.961,icd10
6851,M08.979,icd10
6851,M08.059,icd10
6851,M08.87,icd10
6851,M08.029,icd10
6851,M08.072,icd10
6851,M08.871,icd10
6851,M08.031,icd10
6851,M08.07,icd10
6851,M08.98,icd10
6851,M08.879,icd10
6851,M08.829,icd10
6851,M08.0,icd10
6851,M08.019,icd10
6851,M08.01,icd10
6851,M08.061,icd10
6851,M08.94,icd10
6851,M08.839,icd10
6851,M08.052,icd10
6851,M08.969,icd10
6851,M08.849,icd10
6851,M08.03,icd10
6851,M08.869,icd10
6851,M08.942,icd10
6851,M08.832,icd10
6851,M08.012,icd10
6851,M08.8,icd10
6851,M08.05,icd10
6851,M08.821,icd10
6851,M08.841,icd10
6851,M08.02,icd10
6851,M08.952,icd10
6851,M08.021,icd10
6851,M08.04,icd10
6851,M08.959,icd10
6851,M08.051,icd10
6851,M08.09,icd10
6851,M08.822,icd10
6851,M08.81,icd10
6851,M08.84,icd10
6851,M08.93,icd10
6851,M08.852,icd10
6851,M08.811,icd10
6851,M08.842,icd10
40790,235595009,snomed
40790,53132006,snomed
40790,16331000,snomed
40790,16761005,snomed
40790,K21,icd10
40790,R12,icd10
40790,K20.9,icd10
40790,K20.8,icd10
40790,K20,icd10
3407,5370000,snomed
3407,42343007,snomed
3407,49436004,snomed
3407,86318000,snomed
3407,197480006,snomed
3407,89138009,snomed
3407,6456007,snomed
3407,I48.92,icd10
3407,I50.22,icd10
3407,I50.33,icd10
3407,I50.30,icd10
3407,I50.42,icd10
3407,I50.23,icd10
3407,I50.20,icd10
3407,I50.31,icd10
3407,I50.43,icd10
3407,I50.3,icd10
3407,I50.32,icd10
3407,I50.4,icd10
3407,I50.40,icd10
3407,I50.41,icd10
3407,I50.21,icd10
3407,I50.2,icd10
3407,I48.91,icd10
3407,F41.3,icd10
3407,F41.9,icd10
3407,F41,icd10
3407,F41.8,icd10
3407,T81.11XD,icd10
3407,R57.0,icd10
3407,T81.11XA,icd10
3407,T81.11,icd10
3407,I47.1,icd10
42463,302870006,snomed
42463,13644009,snomed
42463,53741008,snomed
42463,3744001,snomed
42463,I25.84,icd10
42463,I25.83,icd10
42463,Z83.430,icd10
6902,72284000,snomed
6902,203100003,snomed
6902,111196000,snomed
6902,111563005,snomed
6902,416209007,snomed
6902,189537005,snomed
6902,64766004,snomed
6902,36715001,snomed
6902,397190009,snomed
6902,93143009,snomed
6902,65172003,snomed
6902,9631008,snomed
6902,66931009,snomed
6902,23583003,snomed
6902,31541009,snomed
6902,95437004,snomed
6902,195967001,snomed
6902,188618003,snomed
6902,24079001,snomed
6902,234646005,snomed
6902,8247009,snomed
6902,55464009,snomed
6902,128473001,snomed
6902,52254009,snomed
6902,267573000,snomed
6902,24700007,snomed
6902,82119001,snomed
6902,T80.62,icd10
6902,T80.61,icd10
6902,T80.69XA,icd10
6902,T80.69XD,icd10
6902,T80.69,icd10
6902,T80.62XD,icd10
6902,T80.62XA,icd10
6902,T80.61XD,icd10
6902,T80.61XA,icd10
6902,T80.6,icd10
6902,L13.0,icd10
6902,K51.8,icd10
6902,K51.80,icd10
6902,K51.90,icd10
6902,K51.9,icd10
6902,K51,icd10
6902,L51.8,icd10
6902,L51.9,icd10
6902,L51,icd10
6902,C95,icd10
6902,C94,icd10
6902,C94.8,icd10
6902,C95.90,icd10
6902,Z85.6,icd10
6902,C94.82,icd10
6902,C95.9,icd10
6902,C95.92,icd10
6902,C94.80,icd10
6902,L10.9,icd10
6902,L10,icd10
6902,L10.8,icd10
6902,L10.89,icd10
6902,M45.7,icd10
6902,M45.1,icd10
6902,M45.3,icd10
6902,M45.8,icd10
6902,M45,icd10
6902,M45.9,icd10
6902,M45.6,icd10
6902,M45.4,icd10
6902,M45.2,icd10
6902,M45.0,icd10
6902,M08.08,icd10
6902,M45.5,icd10
6902,M08.28,icd10
6902,E83.52,icd10
6902,D86.8,icd10
6902,D86.89,icd10
6902,D86.9,icd10
6902,D86,icd10
6902,J45.9,icd10
6902,J45,icd10
6902,J45.90,icd10
6902,J45.99,icd10
6902,J45.998,icd10
6902,L20.8,icd10
6902,L20.84,icd10
6902,L20.89,icd10
6902,L20.9,icd10
6902,L20,icd10
6902,D89.812,icd10
6902,D89.813,icd10
6902,D89.81,icd10
6902,J63.2,icd10
6902,M32.10,icd10
6902,M32,icd10
6902,M32.8,icd10
6902,M32.9,icd10
6902,N04.9,icd10
6902,Z87.441,icd10
6902,N04.8,icd10
6902,N04,icd10
6902,G35,icd10
6902,E06.9,icd10
6902,E06,icd10
4815,44054006,snomed
4815,E11.52,icd10
4815,E11.621,icd10
4815,E11.8,icd10
4815,E11.649,icd10
4815,E11.10,icd10
4815,E11.22,icd10
4815,E11.638,icd10
4815,E11.1,icd10
4815,E11.630,icd10
4815,E11.69,icd10
4815,E11.63,icd10
4815,E11.37,icd10
4815,E11.00,icd10
4815,E11.37X2,icd10
4815,E11.37X9,icd10
4815,E11.6,icd10
4815,E11,icd10
4815,E11.65,icd10
4815,E11.64,icd10
4815,E11.0,icd10
4815,E11.37X3,icd10
4815,E11.37X1,icd10
338036,303011007,snomed
6472,302870006,snomed
6472,13644009,snomed
6472,53741008,snomed
6472,3744001,snomed
6472,I25.84,icd10
6472,I25.83,icd10
6472,Z83.430,icd10
2101,221360009,snomed
2101,55300003,snomed
2101,22253000,snomed
2101,203110007,snomed
2101,45352006,snomed
2101,16046003,snomed
2101,R52,icd10
2101,G89,icd10
2101,M62.83,icd10
2101,M62.831,icd10
2101,R25.2,icd10
2101,M62.838,icd10
37798,367483003,snomed
37798,38341003,snomed
37798,267064002,snomed
37798,R33.0,icd10
37798,R33,icd10
37798,R33.9,icd10
37798,R33.8,icd10
9997,399939002,snomed
9997,88213004,snomed
9997,42343007,snomed
9997,38341003,snomed
9997,389026000,snomed
9997,43339004,snomed
9997,20741006,snomed
9997,L68.0,icd10
9997,E26.09,icd10
9997,E26.8,icd10
9997,E26.9,icd10
9997,E26,icd10
9997,E26.89,icd10
9997,I50.22,icd10
9997,I50.33,icd10
9997,I50.30,icd10
9997,I50.42,icd10
9997,I50.23,icd10
9997,I50.20,icd10
9997,I50.31,icd10
9997,I50.43,icd10
9997,I50.3,icd10
9997,I50.32,icd10
9997,I50.4,icd10
9997,I50.40,icd10
9997,I50.41,icd10
9997,I50.21,icd10
9997,I50.2,icd10
9997,R18,icd10
9997,R18.8,icd10
9997,E87.6,icd10
9143,235595009,snomed
9143,53132006,snomed
9143,196642007,snomed
9143,51868009,snomed
9143,57643001,snomed
9143,K21,icd10
9143,K26,icd10
9143,K26.9,icd10
51428,44054006,snomed
51428,80394007,snomed
51428,46635009,snomed
51428,E11.52,icd10
51428,E11.621,icd10
51428,E11.8,icd10
51428,E11.649,icd10
51428,E11.10,icd10
51428,E11.22,icd10
51428,E11.638,icd10
51428,E11.1,icd10
51428,E11.630,icd10
51428,E11.69,icd10
51428,E11.63,icd10
51428,E11.37,icd10
51428,E11.00,icd10
51428,E11.37X2,icd10
51428,E11.37X9,icd10
51428,E11.6,icd10
51428,E11,icd10
51428,E11.65,icd10
51428,E11.64,icd10
51428,E11.0,icd10
51428,E11.37X3,icd10
51428,E11.37X1,icd10
51428,R73,icd10
51428,R73.9,icd10
51428,E13.65,icd10
51428,E10.64,icd10
51428,E10,icd10
51428,E10.649,icd10
51428,E10.10,icd10
51428,E10.63,icd10
51428,E10.52,icd10
51428,E10.69,icd10
51428,E10.65,icd10
51428,E10.6,icd10
51428,E10.630,icd10
51428,E10.610,icd10
51428,E10.8,icd10
51428,E10.638,icd10
51428,E10.621,icd10
51428,E10.1,icd10
6057,235595009,snomed
6057,42343007,snomed
6057,53741008,snomed
6057,79962008,snomed
6057,75478009,snomed
6057,119419001,snomed
6057,194828000,snomed
6057,K21,icd10
6057,I50.22,icd10
6057,I50.33,icd10
6057,I50.30,icd10
6057,I50.42,icd10
6057,I50.23,icd10
6057,I50.20,icd10
6057,I50.31,icd10
6057,I50.43,icd10
6057,I50.3,icd10
6057,I50.32,icd10
6057,I50.4,icd10
6057,I50.40,icd10
6057,I50.41,icd10
6057,I50.21,icd10
6057,I50.2,icd10
6057,I25.84,icd10
6057,I25.83,icd10
6057,K22.4,icd10
6057,T65,icd10
6057,I20.8,icd10
6057,I25.119,icd10
6057,I25.769,icd10
6057,I25.76,icd10
6057,I25.7,icd10
6057,I25.72,icd10
6057,I25.75,icd10
6057,I20,icd10
6057,I25.70,icd10
6057,I25.709,icd10
6057,I25.738,icd10
6057,I25.719,icd10
6057,I25.73,icd10
6057,I25.728,icd10
6057,I25.798,icd10
6057,I25.759,icd10
6057,I25.708,icd10
6057,I25.11,icd10
6057,I25.79,icd10
6057,I25.739,icd10
6057,I25.799,icd10
6057,I25.729,icd10
6057,I25.71,icd10
6057,I25.768,icd10
6057,I25.118,icd10
6057,I25.718,icd10
6057,I25.758,icd10
6057,I20.9,icd10
33767,4386001,snomed
33767,195967001,snomed
33767,J45.9,icd10
33767,J45,icd10
33767,J45.90,icd10
33767,J45.99,icd10
33767,J45.998,icd10
274332,44054006,snomed
274332,E11.52,icd10
274332,E11.621,icd10
274332,E11.8,icd10
274332,E11.649,icd10
274332,E11.10,icd10
274332,E11.22,icd10
274332,E11.638,icd10
274332,E11.1,icd10
274332,E11.630,icd10
274332,E11.69,icd10
274332,E11.63,icd10
274332,E11.37,icd10
274332,E11.00,icd10
274332,E11.37X2,icd10
274332,E11.37X9,icd10
274332,E11.6,icd10
274332,E11,icd10
274332,E11.65,icd10
274332,E11.64,icd10
274332,E11.0,icd10
274332,E11.37X3,icd10
274332,E11.37X1,icd10
191831,34000006,snomed
191831,69896004,snomed
191831,64766004,snomed
191831,9631008,snomed
191831,33339001,snomed
191831,K50.913,icd10
191831,K50.9,icd10
191831,K50.90,icd10
191831,K50,icd10
191831,M06.251,icd10
191831,M06.22,icd10
191831,M05.10,icd10
191831,M06,icd10
191831,M06.80,icd10
191831,M06.9,icd10
191831,M06.23,icd10
191831,M06.219,icd10
191831,M06.252,icd10
191831,M06.211,icd10
191831,M06.241,icd10
191831,M06.26,icd10
191831,M06.8,icd10
191831,M06.29,icd10
191831,M06.229,icd10
191831,M06.259,icd10
191831,M06.262,icd10
191831,M06.88,icd10
191831,M06.212,icd10
191831,M06.272,icd10
191831,M06.239,icd10
191831,M06.20,icd10
191831,M06.27,icd10
191831,M05.30,icd10
191831,M06.242,icd10
191831,M06.21,icd10
191831,M06.261,icd10
191831,M06.25,icd10
191831,M06.249,icd10
191831,M06.279,icd10
191831,M06.231,icd10
191831,M06.24,icd10
191831,M06.89,icd10
191831,M06.271,icd10
191831,M06.221,icd10
191831,M05.3,icd10
191831,M06.269,icd10
191831,M06.232,icd10
191831,M06.222,icd10
191831,M05,icd10
191831,K51.8,icd10
191831,K51.80,icd10
191831,K51.90,icd10
191831,K51.9,icd10
191831,K51,icd10
191831,M45.7,icd10
191831,M45.1,icd10
191831,M45.3,icd10
191831,M45.8,icd10
191831,M45,icd10
191831,M45.9,icd10
191831,M45.6,icd10
191831,M45.4,icd10
191831,M45.2,icd10
191831,M45.0,icd10
191831,M08.08,icd10
191831,M45.5,icd10
191831,M08.28,icd10
191831,L40.5,icd10
191831,L40.59,icd10
191831,L40.54,icd10
191831,L40.50,icd10
733,16814004,snomed
733,302231008,snomed
733,275498002,snomed
733,128936008,snomed
733,56038003,snomed
733,87628006,snomed
733,301183007,snomed
733,58126003,snomed
733,95883001,snomed
733,95880003,snomed
733,71057007,snomed
733,41659003,snomed
733,23511006,snomed
733,43028005,snomed
733,15628003,snomed
733,11817007,snomed
733,68566005,snomed
733,4241002,snomed
733,274081004,snomed
733,B95.3,icd10
733,A02.8,icd10
733,A02.9,icd10
733,A02,icd10
733,A49.0,icd10
733,B95.8,icd10
733,Z22.39,icd10
733,B95.7,icd10
733,A28.8,icd10
733,Z20.818,icd10
733,B96.89,icd10
733,Z20.81,icd10
733,A28,icd10
733,B96.8,icd10
733,A48.8,icd10
733,A49.9,icd10
733,A48,icd10
733,A49,icd10
733,A28.9,icd10
733,A49.8,icd10
733,G04.2,icd10
733,G00.9,icd10
733,G01,icd10
733,G00.8,icd10
733,G00,icd10
733,B96.20,icd10
733,Z20.01,icd10
733,B96.2,icd10
733,B96.29,icd10
733,A39.8,icd10
733,A39,icd10
733,A39.9,icd10
733,A39.89,icd10
733,A54,icd10
733,A54.9,icd10
733,A54.21,icd10
733,A54.6,icd10
733,A54.09,icd10
733,A54.0,icd10
733,A54.2,icd10
733,A54.23,icd10
733,A54.29,icd10
733,A54.89,icd10
733,A54.8,icd10
733,A54.00,icd10
733,A54.01,icd10
733,A54.49,icd10
733,A54.40,icd10
733,A42.9,icd10
733,A42.8,icd10
733,A42.82,icd10
733,A42,icd10
733,A42.89,icd10
733,N39.0,icd10
733,Z87.440,icd10
733,A32,icd10
733,A32.8,icd10
733,A32.89,icd10
733,A32.9,icd10
703,71908006,snomed
703,195107004,snomed
703,6456007,snomed
703,I49.01,icd10
703,I47.1,icd10
3827,42343007,snomed
3827,70272006,snomed
3827,69896004,snomed
3827,197605007,snomed
3827,71275003,snomed
3827,20741006,snomed
3827,I50.22,icd10
3827,I50.33,icd10
3827,I50.30,icd10
3827,I50.42,icd10
3827,I50.23,icd10
3827,I50.20,icd10
3827,I50.31,icd10
3827,I50.43,icd10
3827,I50.3,icd10
3827,I50.32,icd10
3827,I50.4,icd10
3827,I50.40,icd10
3827,I50.41,icd10
3827,I50.21,icd10
3827,I50.2,icd10
3827,M06.251,icd10
3827,M06.22,icd10
3827,M05.10,icd10
3827,M06,icd10
3827,M06.80,icd10
3827,M06.9,icd10
3827,M06.23,icd10
3827,M06.219,icd10
3827,M06.252,icd10
3827,M06.211,icd10
3827,M06.241,icd10
3827,M06.26,icd10
3827,M06.8,icd10
3827,M06.29,icd10
3827,M06.229,icd10
3827,M06.259,icd10
3827,M06.262,icd10
3827,M06.88,icd10
3827,M06.212,icd10
3827,M06.272,icd10
3827,M06.239,icd10
3827,M06.20,icd10
3827,M06.27,icd10
3827,M05.30,icd10
3827,M06.242,icd10
3827,M06.21,icd10
3827,M06.261,icd10
3827,M06.25,icd10
3827,M06.249,icd10
3827,M06.279,icd10
3827,M06.231,icd10
3827,M06.24,icd10
3827,M06.89,icd10
3827,M06.271,icd10
3827,M06.221,icd10
3827,M05.3,icd10
3827,M06.269,icd10
3827,M06.232,icd10
3827,M06.222,icd10
3827,M05,icd10
2231,128936008,snomed
2231,56038003,snomed
2231,186437007,snomed
2231,53084003,snomed
2231,87628006,snomed
2231,65363002,snomed
2231,58126003,snomed
2231,95880003,snomed
2231,71057007,snomed
2231,41659003,snomed
2231,43028005,snomed
2231,85769006,snomed
2231,405737000,snomed
2231,68566005,snomed
2231,A49.0,icd10
2231,B95.8,icd10
2231,Z22.39,icd10
2231,B95.7,icd10
2231,B96.4,icd10
2231,J15.9,icd10
2231,J15.8,icd10
2231,J15,icd10
2231,A28.8,icd10
2231,Z20.818,icd10
2231,B96.89,icd10
2231,Z20.81,icd10
2231,A28,icd10
2231,B96.8,icd10
2231,A48.8,icd10
2231,A49.9,icd10
2231,A48,icd10
2231,A49,icd10
2231,A28.9,icd10
2231,A49.8,icd10
2231,H66,icd10
2231,H66.9,icd10
2231,H67.3,icd10
2231,H66.90,icd10
2231,H66.91,icd10
2231,H67.9,icd10
2231,H67.1,icd10
2231,H67.2,icd10
2231,H66.92,icd10
2231,H66.93,icd10
2231,H67,icd10
2231,B96.20,icd10
2231,Z20.01,icd10
2231,B96.2,icd10
2231,B96.29,icd10
2231,A49.1,icd10
2231,B95.4,icd10
2231,B95.5,icd10
2231,N39.0,icd10
2231,Z87.440,icd10
274783,44054006,snomed
274783,80394007,snomed
274783,46635009,snomed
274783,E11.52,icd10
274783,E11.621,icd10
274783,E11.8,icd10
274783,E11.649,icd10
274783,E11.10,icd10
274783,E11.22,icd10
274783,E11.638,icd10
274783,E11.1,icd10
274783,E11.630,icd10
274783,E11.69,icd10
274783,E11.63,icd10
274783,E11.37,icd10
274783,E11.00,icd10
274783,E11.37X2,icd10
274783,E11.37X9,icd10
274783,E11.6,icd10
274783,E11,icd10
274783,E11.65,icd10
274783,E11.64,icd10
274783,E11.0,icd10
274783,E11.37X3,icd10
274783,E11.37X1,icd10
274783,R73,icd10
274783,R73.9,icd10
274783,E13.65,icd10
274783,E10.64,icd10
274783,E10,icd10
274783,E10.649,icd10
274783,E10.10,icd10
274783,E10.63,icd10
274783,E10.52,icd10
274783,E10.69,icd10
274783,E10.65,icd10
274783,E10.6,icd10
274783,E10.630,icd10
274783,E10.610,icd10
274783,E10.8,icd10
274783,E10.638,icd10
274783,E10.621,icd10
274783,E10.1,icd10
232158,225655006,snomed
232158,266599000,snomed
232158,N94.6,icd10
36437,47505003,snomed
36437,191736004,snomed
36437,371631005,snomed
36437,35489007,snomed
36437,72366004,snomed
36437,F43.10,icd10
36437,F43.1,icd10
36437,Z86.51,icd10
36437,F42,icd10
36437,F42.8,icd10
36437,F42.9,icd10
36437,F32.89,icd10
36437,F32.8,icd10
36437,F50.9,icd10
36437,F50,icd10
36437,F50.8,icd10
36437,F50.89,icd10
36437,R63.0,icd10
18867,42343007,snomed
18867,38341003,snomed
18867,197605007,snomed
18867,I50.22,icd10
18867,I50.33,icd10
18867,I50.30,icd10
18867,I50.42,icd10
18867,I50.23,icd10
18867,I50.20,icd10
18867,I50.31,icd10
18867,I50.43,icd10
18867,I50.3,icd10
18867,I50.32,icd10
18867,I50.4,icd10
18867,I50.40,icd10
18867,I50.41,icd10
18867,I50.21,icd10
18867,I50.2,icd10
614391,69896004,snomed
614391,33339001,snomed
614391,410795001,snomed
614391,M06.251,icd10
614391,M06.22,icd10
614391,M05.10,icd10
614391,M06,icd10
614391,M06.80,icd10
614391,M06.9,icd10
614391,M06.23,icd10
614391,M06.219,icd10
614391,M06.252,icd10
614391,M06.211,icd10
614391,M06.241,icd10
614391,M06.26,icd10
614391,M06.8,icd10
614391,M06.29,icd10
614391,M06.229,icd10
614391,M06.259,icd10
614391,M06.262,icd10
614391,M06.88,icd10
614391,M06.212,icd10
614391,M06.272,icd10
614391,M06.239,icd10
614391,M06.20,icd10
614391,M06.27,icd10
614391,M05.30,icd10
614391,M06.242,icd10
614391,M06.21,icd10
614391,M06.261,icd10
614391,M06.25,icd10
614391,M06.249,icd10
614391,M06.279,icd10
614391,M06.231,icd10
614391,M06.24,icd10
614391,M06.89,icd10
614391,M06.271,icd10
614391,M06.221,icd10
614391,M05.3,icd10
614391,M06.269,icd10
614391,M06.232,icd10
614391,M06.222,icd10
614391,M05,icd10
614391,L40.5,icd10
614391,L40.59,icd10
614391,L40.54,icd10
614391,L40.50,icd10
614391,M08.032,icd10
614391,M08.90,icd10
614391,M08.911,icd10
614391,M08.042,icd10
614391,M08.80,icd10
614391,M08.862,icd10
614391,M08.932,icd10
614391,M08.861,icd10
614391,M08.97,icd10
614391,M08.08,icd10
614391,M08.062,icd10
614391,M08.972,icd10
614391,M08.872,icd10
614391,M08.831,icd10
614391,M08.931,icd10
614391,M08.939,icd10
614391,M08.921,icd10
614391,M08.039,icd10
614391,M08.819,icd10
614391,M08.049,icd10
614391,M08.011,icd10
614391,M08.079,icd10
614391,M08.041,icd10
614391,M08.951,icd10
614391,M08.929,icd10
614391,M08.962,icd10
614391,M08.812,icd10
614391,M08.99,icd10
614391,M08.949,icd10
614391,M08.941,icd10
614391,M08.89,icd10
614391,M08.971,icd10
614391,M08.88,icd10
614391,M08.91,icd10
614391,M08.022,icd10
614391,M08.859,icd10
614391,M08.06,icd10
614391,M08.9,icd10
614391,M08.071,icd10
614391,M08.00,icd10
614391,M08.912,icd10
614391,M08.851,icd10
614391,M08.919,icd10
614391,M08.922,icd10
614391,M08.069,icd10
614391,M08.961,icd10
614391,M08.979,icd10
614391,M08.059,icd10
614391,M08.87,icd10
614391,M08.029,icd10
614391,M08.072,icd10
614391,M08.871,icd10
614391,M08.031,icd10
614391,M08.07,icd10
614391,M08.98,icd10
614391,M08.879,icd10
614391,M08.829,icd10
614391,M08.0,icd10
614391,M08.019,icd10
614391,M08.01,icd10
614391,M08.061,icd10
614391,M08.94,icd10
614391,M08.839,icd10
614391,M08.052,icd10
614391,M08.969,icd10
614391,M08.849,icd10
614391,M08.03,icd10
614391,M08.869,icd10
614391,M08.942,icd10
614391,M08.832,icd10
614391,M08.012,icd10
614391,M08.8,icd10
614391,M08.05,icd10
614391,M08.821,icd10
614391,M08.841,icd10
614391,M08.02,icd10
614391,M08.952,icd10
614391,M08.021,icd10
614391,M08.04,icd10
614391,M08.959,icd10
614391,M08.051,icd10
614391,M08.09,icd10
614391,M08.822,icd10
614391,M08.81,icd10
614391,M08.84,icd10
614391,M08.93,icd10
614391,M08.852,icd10
614391,M08.811,icd10
614391,M08.842,icd10
38413,14669001,snomed
38413,90688005,snomed
38413,42343007,snomed
38413,19242006,snomed
38413,38341003,snomed
38413,389026000,snomed
38413,19943007,snomed
38413,20741006,snomed
38413,52254009,snomed
38413,N17.8,icd10
38413,N17.9,icd10
38413,N17,icd10
38413,I50.22,icd10
38413,I50.33,icd10
38413,I50.30,icd10
38413,I50.42,icd10
38413,I50.23,icd10
38413,I50.20,icd10
38413,I50.31,icd10
38413,I50.43,icd10
38413,I50.3,icd10
38413,I50.32,icd10
38413,I50.4,icd10
38413,I50.40,icd10
38413,I50.41,icd10
38413,I50.21,icd10
38413,I50.2,icd10
38413,J81,icd10
38413,R18,icd10
38413,R18.8,icd10
38413,K74.6,icd10
38413,P78.81,icd10
38413,K74.69,icd10
38413,K74.60,icd10
38413,N04.9,icd10
38413,Z87.441,icd10
38413,N04.8,icd10
38413,N04,icd10
18993,65958008,snomed
18993,272039006,snomed
18993,R06.6,icd10
6922,2918000,snomed
6922,95896000,snomed
6922,398909004,snomed
6922,419760006,snomed
6922,87628006,snomed
6922,301183007,snomed
6922,58126003,snomed
6922,95883001,snomed
6922,128477000,snomed
6922,105592009,snomed
6922,388759003,snomed
6922,276877003,snomed
6922,58265007,snomed
6922,397683000,snomed
6922,B64,icd10
6922,B60,icd10
6922,B60.8,icd10
6922,L71.8,icd10
6922,L71.9,icd10
6922,L71,icd10
6922,A28.8,icd10
6922,Z20.818,icd10
6922,B96.89,icd10
6922,Z20.81,icd10
6922,A28,icd10
6922,B96.8,icd10
6922,A48.8,icd10
6922,A49.9,icd10
6922,A48,icd10
6922,A49,icd10
6922,A28.9,icd10
6922,A49.8,icd10
6922,G04.2,icd10
6922,G00.9,icd10
6922,G01,icd10
6922,G00.8,icd10
6922,G00,icd10
6922,A07.1,icd10
36567,302870006,snomed
36567,13644009,snomed
36567,53741008,snomed
36567,3744001,snomed
36567,I25.84,icd10
36567,I25.83,icd10
36567,Z83.430,icd10
52175,55827005,snomed
52175,42343007,snomed
52175,38341003,snomed
52175,197605007,snomed
52175,I50.22,icd10
52175,I50.33,icd10
52175,I50.30,icd10
52175,I50.42,icd10
52175,I50.23,icd10
52175,I50.20,icd10
52175,I50.31,icd10
52175,I50.43,icd10
52175,I50.3,icd10
52175,I50.32,icd10
52175,I50.4,icd10
52175,I50.40,icd10
52175,I50.41,icd10
52175,I50.21,icd10
52175,I50.2,icd10
49276,367483003,snomed
49276,38341003,snomed
49276,267064002,snomed
49276,R33.0,icd10
49276,R33,icd10
49276,R33.9,icd10
49276,R33.8,icd10
5224,22298006,snomed
5224,385486001,snomed
5224,371039008,snomed
5224,266256009,snomed
5224,59282003,snomed
5224,64333001,snomed
5224,398274000,snomed
5224,64156001,snomed
5224,I21.A9,icd10
5224,I21.A,icd10
5224,I21.A1,icd10
5224,O88.211,icd10
5224,O88.23,icd10
5224,O88.22,icd10
5224,O88.219,icd10
5224,O88.213,icd10
5224,O88.21,icd10
5224,O88.2,icd10
5224,O88.212,icd10
5224,I26,icd10
5224,Z86.711,icd10
5224,I26.0,icd10
5224,I26.99,icd10
5224,I26.9,icd10
5224,I26.09,icd10
5224,Z86.72,icd10
10156,61170000,snomed
10156,196642007,snomed
10156,233604007,snomed
10156,4556007,snomed
10156,16761005,snomed
10156,51868009,snomed
10156,K12,icd10
10156,K12.1,icd10
10156,J18.8,icd10
10156,J18.9,icd10
10156,J18,icd10
10156,A37.81,icd10
10156,J17,icd10
10156,Z87.01,icd10
10156,K29.6,icd10
10156,K29.7,icd10
10156,K29.60,icd10
10156,K29.70,icd10
10156,K20.9,icd10
10156,K20.8,icd10
10156,K20,icd10
10156,K26,icd10
10156,K26.9,icd10
8640,72284000,snomed
8640,203100003,snomed
8640,111196000,snomed
8640,111563005,snomed
8640,416209007,snomed
8640,118600007,snomed
8640,65074000,snomed
8640,86708008,snomed
8640,32273002,snomed
8640,40275004,snomed
8640,64766004,snomed
8640,81573002,snomed
8640,36715001,snomed
8640,397190009,snomed
8640,93143009,snomed
8640,84017003,snomed
8640,65172003,snomed
8640,9631008,snomed
8640,66931009,snomed
8640,23583003,snomed
8640,33339001,snomed
8640,31541009,snomed
8640,195967001,snomed
8640,24079001,snomed
8640,413603009,snomed
8640,234646005,snomed
8640,8247009,snomed
8640,55464009,snomed
8640,52254009,snomed
8640,24700007,snomed
8640,82119001,snomed
8640,231854006,snomed
8640,T80.62,icd10
8640,T80.61,icd10
8640,T80.69XA,icd10
8640,T80.69XD,icd10
8640,T80.69,icd10
8640,T80.62XD,icd10
8640,T80.62XA,icd10
8640,T80.61XD,icd10
8640,T80.61XA,icd10
8640,T80.6,icd10
8640,L13.0,icd10
8640,D69.3,icd10
8640,L25.9,icd10
8640,L25.8,icd10
8640,L25,icd10
8640,K51.8,icd10
8640,K51.80,icd10
8640,K51.90,icd10
8640,K51.9,icd10
8640,K51,icd10
8640,L51.8,icd10
8640,L51.9,icd10
8640,L51,icd10
8640,C95,icd10
8640,C94,icd10
8640,C94.8,icd10
8640,C95.90,icd10
8640,Z85.6,icd10
8640,C94.82,icd10
8640,C95.9,icd10
8640,C95.92,icd10
8640,C94.80,icd10
8640,M71.50,icd10
8640,M71.5,icd10
8640,M06.2,icd10
8640,M71.58,icd10
8640,M06.20,icd10
8640,M06.28,icd10
8640,M71.1,icd10
8640,M71.18,icd10
8640,M71.10,icd10
8640,L10.9,icd10
8640,L10,icd10
8640,L10.8,icd10
8640,L10.89,icd10
8640,M45.7,icd10
8640,M45.1,icd10
8640,M45.3,icd10
8640,M45.8,icd10
8640,M45,icd10
8640,M45.9,icd10
8640,M45.6,icd10
8640,M45.4,icd10
8640,M45.2,icd10
8640,M45.0,icd10
8640,M08.08,icd10
8640,M45.5,icd10
8640,M08.28,icd10
8640,E83.52,icd10
8640,L40.5,icd10
8640,L40.59,icd10
8640,L40.54,icd10
8640,L40.50,icd10
8640,D86.8,icd10
8640,D86.89,icd10
8640,D86.9,icd10
8640,D86,icd10
8640,J45.9,icd10
8640,J45,icd10
8640,J45.90,icd10
8640,J45.99,icd10
8640,J45.998,icd10
8640,L20.8,icd10
8640,L20.84,icd10
8640,L20.89,icd10
8640,L20.9,icd10
8640,L20,icd10
8640,D59.1,icd10
8640,D89.812,icd10
8640,D89.813,icd10
8640,D89.81,icd10
8640,J63.2,icd10
8640,M32.10,icd10
8640,M32,icd10
8640,M32.8,icd10
8640,M32.9,icd10
8640,N04.9,icd10
8640,Z87.441,icd10
8640,N04.8,icd10
8640,N04,icd10
8640,G35,icd10
8640,E06.9,icd10
8640,E06,icd10
4278,235595009,snomed
4278,53132006,snomed
4278,196642007,snomed
4278,16331000,snomed
4278,126485001,snomed
4278,51868009,snomed
4278,57643001,snomed
4278,162031009,snomed
4278,K21,icd10
4278,R12,icd10
4278,L50,icd10
4278,L50.9,icd10
4278,L50.8,icd10
4278,K26,icd10
4278,K26.9,icd10
321064,42343007,snomed
321064,38341003,snomed
321064,197605007,snomed
321064,I50.22,icd10
321064,I50.33,icd10
321064,I50.30,icd10
321064,I50.42,icd10
321064,I50.23,icd10
321064,I50.20,icd10
321064,I50.31,icd10
321064,I50.43,icd10
321064,I50.3,icd10
321064,I50.32,icd10
321064,I50.4,icd10
321064,I50.40,icd10
321064,I50.41,icd10
321064,I50.21,icd10
321064,I50.2,icd10
7226,22298006,snomed
7226,42343007,snomed
7226,38341003,snomed
7226,194828000,snomed
7226,I21.A9,icd10
7226,I21.A,icd10
7226,I21.A1,icd10
7226,I50.22,icd10
7226,I50.33,icd10
7226,I50.30,icd10
7226,I50.42,icd10
7226,I50.23,icd10
7226,I50.20,icd10
7226,I50.31,icd10
7226,I50.43,icd10
7226,I50.3,icd10
7226,I50.32,icd10
7226,I50.4,icd10
7226,I50.40,icd10
7226,I50.41,icd10
7226,I50.21,icd10
7226,I50.2,icd10
7226,I20.8,icd10
7226,I25.119,icd10
7226,I25.769,icd10
7226,I25.76,icd10
7226,I25.7,icd10
7226,I25.72,icd10
7226,I25.75,icd10
7226,I20,icd10
7226,I25.70,icd10
7226,I25.709,icd10
7226,I25.738,icd10
7226,I25.719,icd10
7226,I25.73,icd10
7226,I25.728,icd10
7226,I25.798,icd10
7226,I25.759,icd10
7226,I25.708,icd10
7226,I25.11,icd10
7226,I25.79,icd10
7226,I25.739,icd10
7226,I25.799,icd10
7226,I25.729,icd10
7226,I25.71,icd10
7226,I25.768,icd10
7226,I25.118,icd10
7226,I25.718,icd10
7226,I25.758,icd10
7226,I20.9,icd10
519,90560007,snomed
519,M1A,icd10
519,M10.9,icd10
519,M10,icd10
519,M1A.9,icd10
283838,267531008,snomed
82122,302231008,snomed
82122,128936008,snomed
82122,186462007,snomed
82122,56038003,snomed
82122,32398004,snomed
82122,186437007,snomed
82122,95896000,snomed
82122,105629000,snomed
82122,63398001,snomed
82122,53084003,snomed
82122,87628006,snomed
82122,397190009,snomed
82122,95880003,snomed
82122,88348008,snomed
82122,128984004,snomed
82122,71057007,snomed
82122,41659003,snomed
82122,197779009,snomed
82122,195889001,snomed
82122,85769006,snomed
82122,68566005,snomed
82122,A02.8,icd10
82122,A02.9,icd10
82122,A02,icd10
82122,A49.0,icd10
82122,B95.8,icd10
82122,Z22.39,icd10
82122,B95.7,icd10
82122,J40,icd10
82122,B96.4,icd10
82122,B64,icd10
82122,B60,icd10
82122,B60.8,icd10
82122,A74.8,icd10
82122,A74,icd10
82122,A56.1,icd10
82122,A56,icd10
82122,A74.89,icd10
82122,A74.9,icd10
82122,B96.5,icd10
82122,J15.9,icd10
82122,J15.8,icd10
82122,J15,icd10
82122,A28.8,icd10
82122,Z20.818,icd10
82122,B96.89,icd10
82122,Z20.81,icd10
82122,A28,icd10
82122,B96.8,icd10
82122,A48.8,icd10
82122,A49.9,icd10
82122,A48,icd10
82122,A49,icd10
82122,A28.9,icd10
82122,A49.8,icd10
82122,B96.20,icd10
82122,Z20.01,icd10
82122,B96.2,icd10
82122,B96.29,icd10
82122,A48.1,icd10
82122,A49.1,icd10
82122,B95.4,icd10
82122,B95.5,icd10
82122,N39.0,icd10
82122,Z87.440,icd10
2551,62315008,snomed
2551,4834000,snomed
2551,111939009,snomed
2551,38822007,snomed
2551,86500004,snomed
2551,396234004,snomed
2551,128936008,snomed
2551,2918000,snomed
2551,56038003,snomed
2551,409498004,snomed
2551,60168000,snomed
2551,186437007,snomed
2551,95896000,snomed
2551,63398001,snomed
2551,36971009,snomed
2551,87628006,snomed
2551,9713002,snomed
2551,128350005,snomed
2551,50177009,snomed
2551,71057007,snomed
2551,197779009,snomed
2551,41659003,snomed
2551,15628003,snomed
2551,3135009,snomed
2551,303011007,snomed
2551,68566005,snomed
2551,R19.7,icd10
2551,A01.0,icd10
2551,A01.09,icd10
2551,A01.04,icd10
2551,A01.05,icd10
2551,A01.00,icd10
2551,N30.8,icd10
2551,N30.9,icd10
2551,N30.90,icd10
2551,N30,icd10
2551,N30.80,icd10
2551,A49.0,icd10
2551,B95.8,icd10
2551,Z22.39,icd10
2551,B95.7,icd10
2551,A22,icd10
2551,A22.8,icd10
2551,A22.9,icd10
2551,M86.8X,icd10
2551,M86,icd10
2551,M86.8,icd10
2551,A01.05,icd10
2551,M86.9,icd10
2551,M86.8X9,icd10
2551,M86.8X8,icd10
2551,B96.4,icd10
2551,B64,icd10
2551,B60,icd10
2551,B60.8,icd10
2551,B96.5,icd10
2551,A28.8,icd10
2551,Z20.818,icd10
2551,B96.89,icd10
2551,Z20.81,icd10
2551,A28,icd10
2551,B96.8,icd10
2551,A48.8,icd10
2551,A49.9,icd10
2551,A48,icd10
2551,A49,icd10
2551,A28.9,icd10
2551,A49.8,icd10
2551,N41.9,icd10
2551,N41.8,icd10
2551,N41,icd10
2551,B96.20,icd10
2551,Z20.01,icd10
2551,B96.2,icd10
2551,B96.29,icd10
2551,A54,icd10
2551,A54.9,icd10
2551,A54.21,icd10
2551,A54.6,icd10
2551,A54.09,icd10
2551,A54.0,icd10
2551,A54.2,icd10
2551,A54.23,icd10
2551,A54.29,icd10
2551,A54.89,icd10
2551,A54.8,icd10
2551,A54.00,icd10
2551,A54.01,icd10
2551,A54.49,icd10
2551,A54.40,icd10
2551,H60,icd10
2551,H60.8,icd10
2551,H62.42,icd10
2551,H60.33,icd10
2551,H60.333,icd10
2551,H60.331,icd10
2551,H62.40,icd10
2551,H60.8X3,icd10
2551,H60.92,icd10
2551,H62.41,icd10
2551,H60.8X9,icd10
2551,H60.8X1,icd10
2551,H60.9,icd10
2551,H60.8X,icd10
2551,H60.8X2,icd10
2551,H60.339,icd10
2551,H60.91,icd10
2551,H60.93,icd10
2551,H62.4,icd10
2551,H60.332,icd10
2551,H60.90,icd10
2551,H62.43,icd10
2551,N39.0,icd10
2551,Z87.440,icd10
1223,7895008,snomed
1223,397829000,snomed
1223,196642007,snomed
1223,65778007,snomed
1223,75478009,snomed
1223,48867003,snomed
1223,128473001,snomed
1223,T50.4X3,icd10
1223,T54.9,icd10
1223,T49.0X3,icd10
1223,T45.0X4A,icd10
1223,T40.694,icd10
1223,T45.0X3D,icd10
1223,T50.994,icd10
1223,T50.4X4D,icd10
1223,T45.8X3D,icd10
1223,T48.204A,icd10
1223,T39.394,icd10
1223,T45.0X4,icd10
1223,T45.8X3A,icd10
1223,T49.0X4A,icd10
1223,T50.992A,icd10
1223,T49.2X4,icd10
1223,T50.904A,icd10
1223,T40.604A,icd10
1223,T49.2X4D,icd10
1223,T49.2X3A,icd10
1223,T45.0X3,icd10
1223,T40.693A,icd10
1223,T50.902D,icd10
1223,T49.0X3A,icd10
1223,T50.903A,icd10
1223,T38.894D,icd10
1223,T49.2X3,icd10
1223,T39.394A,icd10
1223,T45.8X4A,icd10
1223,T45.8X4D,icd10
1223,T40.694A,icd10
1223,T49.0X3D,icd10
1223,T39.394D,icd10
1223,T50.4X4,icd10
1223,T40.693D,icd10
1223,T45.94,icd10
1223,T50.904,icd10
1223,T50.904D,icd10
1223,T49.0X4,icd10
1223,T40.693,icd10
1223,T50.4X3D,icd10
1223,T50.902,icd10
1223,T49.2X4A,icd10
1223,T49.0X4D,icd10
1223,T40.604D,icd10
1223,T50.4X3A,icd10
1223,T45.0X4D,icd10
1223,T50.903,icd10
1223,T50.994D,icd10
1223,T40.604,icd10
1223,T48.204D,icd10
1223,T50.994A,icd10
1223,T50.902A,icd10
1223,T49.2X3D,icd10
1223,T45.8X4,icd10
1223,T50.992,icd10
1223,T38.894A,icd10
1223,T50.992D,icd10
1223,T45.94XA,icd10
1223,T38.894,icd10
1223,T45.8X3,icd10
1223,T40.694D,icd10
1223,T48.204,icd10
1223,T50.4X4A,icd10
1223,T54.1,icd10
1223,T45.0X3A,icd10
1223,T45.94XD,icd10
1223,T50.903D,icd10
1223,T65,icd10
1223,R00.1,icd10
2683,90560007,snomed
2683,17602002,snomed
2683,12579009,snomed
2683,1761006,snomed
2683,90560007,snomed
2683,17602002,snomed
2683,12579009,snomed
2683,1761006,snomed
2683,M1A,icd10
2683,M10.9,icd10
2683,M10,icd10
2683,M1A.9,icd10
2683,E85.9,icd10
2683,E85.2,icd10
2683,E85,icd10
2683,E85.8,icd10
2683,E85.89,icd10
2683,K74.5,icd10
2683,M1A,icd10
2683,M10.9,icd10
2683,M10,icd10
2683,M1A.9,icd10
2683,E85.9,icd10
2683,E85.2,icd10
2683,E85,icd10
2683,E85.8,icd10
2683,E85.89,icd10
2683,K74.5,icd10
7806,271376002,snomed
7806,230473009,snomed
7806,233604007,snomed
7806,372070002,snomed
7806,17383000,snomed
7806,89684003,snomed
7806,409623005,snomed
7806,51615001,snomed
7806,76844004,snomed
7806,O88.03,icd10
7806,G44.021,icd10
7806,G44.029,icd10
7806,G44.02,icd10
7806,J18.8,icd10
7806,J18.9,icd10
7806,J18,icd10
7806,A37.81,icd10
7806,J17,icd10
7806,Z87.01,icd10
7806,I96,icd10
7806,T58.93,icd10
7806,T58.2X4D,icd10
7806,T58.94XD,icd10
7806,T58.13XD,icd10
7806,T58,icd10
7806,T58.14,icd10
7806,T58.8X3A,icd10
7806,T58.8X4D,icd10
7806,T58.8X4A,icd10
7806,T58.8,icd10
7806,T58.13XA,icd10
7806,T58.8X3D,icd10
7806,T58.94,icd10
7806,T58.2X4A,icd10
7806,T58.94XA,icd10
7806,T58.2,icd10
7806,T58.2X3A,icd10
7806,T58.8X4,icd10
7806,T58.93XA,icd10
7806,T58.2X3D,icd10
7806,T58.14XA,icd10
7806,T58.1,icd10
7806,T58.2X3,icd10
7806,T58.93XD,icd10
7806,T58.2X4,icd10
7806,T58.13,icd10
7806,T58.8X3,icd10
7806,T58.14XD,icd10
7806,T58.9,icd10
7806,T70.3XXA,icd10
7806,T70.3,icd10
7806,T70.3XXD,icd10
7806,J84.10,icd10
7806,J84.1,icd10
819300,69896004,snomed
819300,M06.251,icd10
819300,M06.22,icd10
819300,M05.10,icd10
819300,M06,icd10
819300,M06.80,icd10
819300,M06.9,icd10
819300,M06.23,icd10
819300,M06.219,icd10
819300,M06.252,icd10
819300,M06.211,icd10
819300,M06.241,icd10
819300,M06.26,icd10
819300,M06.8,icd10
819300,M06.29,icd10
819300,M06.229,icd10
819300,M06.259,icd10
819300,M06.262,icd10
819300,M06.88,icd10
819300,M06.212,icd10
819300,M06.272,icd10
819300,M06.239,icd10
819300,M06.20,icd10
819300,M06.27,icd10
819300,M05.30,icd10
819300,M06.242,icd10
819300,M06.21,icd10
819300,M06.261,icd10
819300,M06.25,icd10
819300,M06.249,icd10
819300,M06.279,icd10
819300,M06.231,icd10
819300,M06.24,icd10
819300,M06.89,icd10
819300,M06.271,icd10
819300,M06.221,icd10
819300,M05.3,icd10
819300,M06.269,icd10
819300,M06.232,icd10
819300,M06.222,icd10
819300,M05,icd10
17767,38341003,snomed
17767,87343002,snomed
17767,53741008,snomed
17767,I25.84,icd10
17767,I25.83,icd10
3443,5370000,snomed
3443,22298006,snomed
3443,38341003,snomed
3443,87343002,snomed
3443,49436004,snomed
3443,6456007,snomed
3443,I48.92,icd10
3443,I21.A9,icd10
3443,I21.A,icd10
3443,I21.A1,icd10
3443,I48.91,icd10
3443,I47.1,icd10
187832,91175000,snomed
187832,90584004,snomed
187832,2177002,snomed
187832,203101004,snomed
187832,R56.9,icd10
187832,R56,icd10
187832,G40.89,icd10
10355,371631005,snomed
10355,194437008,snomed
10355,35489007,snomed
10355,F32.89,icd10
10355,F32.8,icd10
35208,42343007,snomed
35208,38341003,snomed
35208,197605007,snomed
35208,I50.22,icd10
35208,I50.33,icd10
35208,I50.30,icd10
35208,I50.42,icd10
35208,I50.23,icd10
35208,I50.20,icd10
35208,I50.31,icd10
35208,I50.43,icd10
35208,I50.3,icd10
35208,I50.32,icd10
35208,I50.4,icd10
35208,I50.40,icd10
35208,I50.41,icd10
35208,I50.21,icd10
35208,I50.2,icd10
141366,37796009,snomed
141366,G43.80,icd10
141366,G43.90,icd10
141366,G43,icd10
141366,G43.809,icd10
141366,G43.8,icd10
141366,G43.9,icd10
141366,G43.909,icd10
6918,5370000,snomed
6918,22298006,snomed
6918,25569003,snomed
6918,42343007,snomed
6918,38341003,snomed
6918,71908006,snomed
6918,49436004,snomed
6918,194828000,snomed
6918,6456007,snomed
6918,I48.92,icd10
6918,I21.A9,icd10
6918,I21.A,icd10
6918,I21.A1,icd10
6918,I47.2,icd10
6918,I50.22,icd10
6918,I50.33,icd10
6918,I50.30,icd10
6918,I50.42,icd10
6918,I50.23,icd10
6918,I50.20,icd10
6918,I50.31,icd10
6918,I50.43,icd10
6918,I50.3,icd10
6918,I50.32,icd10
6918,I50.4,icd10
6918,I50.40,icd10
6918,I50.41,icd10
6918,I50.21,icd10
6918,I50.2,icd10
6918,I49.01,icd10
6918,I48.91,icd10
6918,I20.8,icd10
6918,I25.119,icd10
6918,I25.769,icd10
6918,I25.76,icd10
6918,I25.7,icd10
6918,I25.72,icd10
6918,I25.75,icd10
6918,I20,icd10
6918,I25.70,icd10
6918,I25.709,icd10
6918,I25.738,icd10
6918,I25.719,icd10
6918,I25.73,icd10
6918,I25.728,icd10
6918,I25.798,icd10
6918,I25.759,icd10
6918,I25.708,icd10
6918,I25.11,icd10
6918,I25.79,icd10
6918,I25.739,icd10
6918,I25.799,icd10
6918,I25.729,icd10
6918,I25.71,icd10
6918,I25.768,icd10
6918,I25.118,icd10
6918,I25.718,icd10
6918,I25.758,icd10
6918,I20.9,icd10
6918,I47.1,icd10
33199,20848007,snomed
33199,128869009,snomed
33199,B85.2,icd10
33199,B85.4,icd10
1191,22253000,snomed
1191,69896004,snomed
1191,90560007,snomed
1191,225655006,snomed
1191,23583003,snomed
1191,50177009,snomed
1191,81077008,snomed
1191,R52,icd10
1191,G89,icd10
1191,M06.251,icd10
1191,M06.22,icd10
1191,M05.10,icd10
1191,M06,icd10
1191,M06.80,icd10
1191,M06.9,icd10
1191,M06.23,icd10
1191,M06.219,icd10
1191,M06.252,icd10
1191,M06.211,icd10
1191,M06.241,icd10
1191,M06.26,icd10
1191,M06.8,icd10
1191,M06.29,icd10
1191,M06.229,icd10
1191,M06.259,icd10
1191,M06.262,icd10
1191,M06.88,icd10
1191,M06.212,icd10
1191,M06.272,icd10
1191,M06.239,icd10
1191,M06.20,icd10
1191,M06.27,icd10
1191,M05.30,icd10
1191,M06.242,icd10
1191,M06.21,icd10
1191,M06.261,icd10
1191,M06.25,icd10
1191,M06.249,icd10
1191,M06.279,icd10
1191,M06.231,icd10
1191,M06.24,icd10
1191,M06.89,icd10
1191,M06.271,icd10
1191,M06.221,icd10
1191,M05.3,icd10
1191,M06.269,icd10
1191,M06.232,icd10
1191,M06.222,icd10
1191,M05,icd10
1191,M1A,icd10
1191,M10.9,icd10
1191,M10,icd10
1191,M1A.9,icd10
612,74474003,snomed
612,235595009,snomed
612,196642007,snomed
612,16331000,snomed
612,51868009,snomed
612,57643001,snomed
612,162031009,snomed
612,74474003,snomed
612,235595009,snomed
612,196642007,snomed
612,16331000,snomed
612,51868009,snomed
612,57643001,snomed
612,162031009,snomed
612,K29.91,icd10
612,K92.2,icd10
612,K21,icd10
612,R12,icd10
612,K26,icd10
612,K26.9,icd10
612,K29.91,icd10
612,K92.2,icd10
612,K21,icd10
612,R12,icd10
612,K26,icd10
612,K26.9,icd10
8332,22298006,snomed
8332,38341003,snomed
8332,194828000,snomed
8332,I21.A9,icd10
8332,I21.A,icd10
8332,I21.A1,icd10
8332,I20.8,icd10
8332,I25.119,icd10
8332,I25.769,icd10
8332,I25.76,icd10
8332,I25.7,icd10
8332,I25.72,icd10
8332,I25.75,icd10
8332,I20,icd10
8332,I25.70,icd10
8332,I25.709,icd10
8332,I25.738,icd10
8332,I25.719,icd10
8332,I25.73,icd10
8332,I25.728,icd10
8332,I25.798,icd10
8332,I25.759,icd10
8332,I25.708,icd10
8332,I25.11,icd10
8332,I25.79,icd10
8332,I25.739,icd10
8332,I25.799,icd10
8332,I25.729,icd10
8332,I25.71,icd10
8332,I25.768,icd10
8332,I25.118,icd10
8332,I25.718,icd10
8332,I25.758,icd10
8332,I20.9,icd10
17300,367483003,snomed
596,371631005,snomed
596,35489007,snomed
596,70691001,snomed
596,F32.89,icd10
596,F32.8,icd10
596,F40.00,icd10
596,F40.0,icd10
24947,191133000,snomed
24947,191133000,snomed
35296,42343007,snomed
35296,38341003,snomed
35296,197605007,snomed
35296,I50.22,icd10
35296,I50.33,icd10
35296,I50.30,icd10
35296,I50.42,icd10
35296,I50.23,icd10
35296,I50.20,icd10
35296,I50.31,icd10
35296,I50.43,icd10
35296,I50.3,icd10
35296,I50.32,icd10
35296,I50.4,icd10
35296,I50.40,icd10
35296,I50.41,icd10
35296,I50.21,icd10
35296,I50.2,icd10
8787,22298006,snomed
8787,371631005,snomed
8787,25569003,snomed
8787,42343007,snomed
8787,399343007,snomed
8787,38341003,snomed
8787,71908006,snomed
8787,192839001,snomed
8787,194828000,snomed
8787,6456007,snomed
8787,I21.A9,icd10
8787,I21.A,icd10
8787,I21.A1,icd10
8787,I47.2,icd10
8787,I50.22,icd10
8787,I50.33,icd10
8787,I50.30,icd10
8787,I50.42,icd10
8787,I50.23,icd10
8787,I50.20,icd10
8787,I50.31,icd10
8787,I50.43,icd10
8787,I50.3,icd10
8787,I50.32,icd10
8787,I50.4,icd10
8787,I50.40,icd10
8787,I50.41,icd10
8787,I50.21,icd10
8787,I50.2,icd10
8787,I49.01,icd10
8787,I20.8,icd10
8787,I25.119,icd10
8787,I25.769,icd10
8787,I25.76,icd10
8787,I25.7,icd10
8787,I25.72,icd10
8787,I25.75,icd10
8787,I20,icd10
8787,I25.70,icd10
8787,I25.709,icd10
8787,I25.738,icd10
8787,I25.719,icd10
8787,I25.73,icd10
8787,I25.728,icd10
8787,I25.798,icd10
8787,I25.759,icd10
8787,I25.708,icd10
8787,I25.11,icd10
8787,I25.79,icd10
8787,I25.739,icd10
8787,I25.799,icd10
8787,I25.729,icd10
8787,I25.71,icd10
8787,I25.768,icd10
8787,I25.118,icd10
8787,I25.718,icd10
8787,I25.758,icd10
8787,I20.9,icd10
8787,I47.1,icd10
1808,14669001,snomed
1808,90688005,snomed
1808,42343007,snomed
1808,19242006,snomed
1808,38341003,snomed
1808,389026000,snomed
1808,19943007,snomed
1808,20741006,snomed
1808,52254009,snomed
1808,N17.8,icd10
1808,N17.9,icd10
1808,N17,icd10
1808,I50.22,icd10
1808,I50.33,icd10
1808,I50.30,icd10
1808,I50.42,icd10
1808,I50.23,icd10
1808,I50.20,icd10
1808,I50.31,icd10
1808,I50.43,icd10
1808,I50.3,icd10
1808,I50.32,icd10
1808,I50.4,icd10
1808,I50.40,icd10
1808,I50.41,icd10
1808,I50.21,icd10
1808,I50.2,icd10
1808,J81,icd10
1808,R18,icd10
1808,R18.8,icd10
1808,K74.6,icd10
1808,P78.81,icd10
1808,K74.69,icd10
1808,K74.60,icd10
1808,N04.9,icd10
1808,Z87.441,icd10
1808,N04.8,icd10
1808,N04,icd10
3264,38103000,snomed
3264,73879007,snomed
3264,203100003,snomed
3264,76571007,snomed
3264,111196000,snomed
3264,65074000,snomed
3264,32273002,snomed
3264,5888003,snomed
3264,64766004,snomed
3264,81573002,snomed
3264,2032001,snomed
3264,397190009,snomed
3264,15387003,snomed
3264,93143009,snomed
3264,9631008,snomed
3264,84017003,snomed
3264,65172003,snomed
3264,66931009,snomed
3264,31541009,snomed
3264,188618003,snomed
3264,55464009,snomed
3264,82119001,snomed
3264,373662000,snomed
3264,R65.21,icd10
3264,L13.0,icd10
3264,D69.3,icd10
3264,H16.9,icd10
3264,H16.8,icd10
3264,H16,icd10
3264,K51.8,icd10
3264,K51.80,icd10
3264,K51.90,icd10
3264,K51.9,icd10
3264,K51,icd10
3264,G93.6,icd10
3264,C95,icd10
3264,C94,icd10
3264,C94.8,icd10
3264,C95.90,icd10
3264,Z85.6,icd10
3264,C94.82,icd10
3264,C95.9,icd10
3264,C95.92,icd10
3264,C94.80,icd10
3264,M45.7,icd10
3264,M45.1,icd10
3264,M45.3,icd10
3264,M45.8,icd10
3264,M45,icd10
3264,M45.9,icd10
3264,M45.6,icd10
3264,M45.4,icd10
3264,M45.2,icd10
3264,M45.0,icd10
3264,M08.08,icd10
3264,M45.5,icd10
3264,M08.28,icd10
3264,M71.50,icd10
3264,M71.5,icd10
3264,M06.2,icd10
3264,M71.58,icd10
3264,M06.20,icd10
3264,M06.28,icd10
3264,M71.1,icd10
3264,M71.18,icd10
3264,M71.10,icd10
3264,L10.9,icd10
3264,L10,icd10
3264,L10.8,icd10
3264,L10.89,icd10
3264,E83.52,icd10
3264,D86.8,icd10
3264,D86.89,icd10
3264,D86.9,icd10
3264,D86,icd10
3264,M32.10,icd10
3264,M32,icd10
3264,M32.8,icd10
3264,M32.9,icd10
3264,E06.9,icd10
3264,E06,icd10
3264,E27.1,icd10
41493,69896004,snomed
41493,225655006,snomed
41493,M06.251,icd10
41493,M06.22,icd10
41493,M05.10,icd10
41493,M06,icd10
41493,M06.80,icd10
41493,M06.9,icd10
41493,M06.23,icd10
41493,M06.219,icd10
41493,M06.252,icd10
41493,M06.211,icd10
41493,M06.241,icd10
41493,M06.26,icd10
41493,M06.8,icd10
41493,M06.29,icd10
41493,M06.229,icd10
41493,M06.259,icd10
41493,M06.262,icd10
41493,M06.88,icd10
41493,M06.212,icd10
41493,M06.272,icd10
41493,M06.239,icd10
41493,M06.20,icd10
41493,M06.27,icd10
41493,M05.30,icd10
41493,M06.242,icd10
41493,M06.21,icd10
41493,M06.261,icd10
41493,M06.25,icd10
41493,M06.249,icd10
41493,M06.279,icd10
41493,M06.231,icd10
41493,M06.24,icd10
41493,M06.89,icd10
41493,M06.271,icd10
41493,M06.221,icd10
41493,M05.3,icd10
41493,M06.269,icd10
41493,M06.232,icd10
41493,M06.222,icd10
41493,M05,icd10
283742,235595009,snomed
283742,53132006,snomed
283742,16331000,snomed
283742,16761005,snomed
283742,51868009,snomed
283742,K21,icd10
283742,R12,icd10
283742,K20.9,icd10
283742,K20.8,icd10
283742,K20,icd10
283742,K26,icd10
283742,K26.9,icd10
32613,69896004,snomed
32613,225655006,snomed
32613,410795001,snomed
32613,M06.251,icd10
32613,M06.22,icd10
32613,M05.10,icd10
32613,M06,icd10
32613,M06.80,icd10
32613,M06.9,icd10
32613,M06.23,icd10
32613,M06.219,icd10
32613,M06.252,icd10
32613,M06.211,icd10
32613,M06.241,icd10
32613,M06.26,icd10
32613,M06.8,icd10
32613,M06.29,icd10
32613,M06.229,icd10
32613,M06.259,icd10
32613,M06.262,icd10
32613,M06.88,icd10
32613,M06.212,icd10
32613,M06.272,icd10
32613,M06.239,icd10
32613,M06.20,icd10
32613,M06.27,icd10
32613,M05.30,icd10
32613,M06.242,icd10
32613,M06.21,icd10
32613,M06.261,icd10
32613,M06.25,icd10
32613,M06.249,icd10
32613,M06.279,icd10
32613,M06.231,icd10
32613,M06.24,icd10
32613,M06.89,icd10
32613,M06.271,icd10
32613,M06.221,icd10
32613,M05.3,icd10
32613,M06.269,icd10
32613,M06.232,icd10
32613,M06.222,icd10
32613,M05,icd10
32613,M08.032,icd10
32613,M08.90,icd10
32613,M08.911,icd10
32613,M08.042,icd10
32613,M08.80,icd10
32613,M08.862,icd10
32613,M08.932,icd10
32613,M08.861,icd10
32613,M08.97,icd10
32613,M08.08,icd10
32613,M08.062,icd10
32613,M08.972,icd10
32613,M08.872,icd10
32613,M08.831,icd10
32613,M08.931,icd10
32613,M08.939,icd10
32613,M08.921,icd10
32613,M08.039,icd10
32613,M08.819,icd10
32613,M08.049,icd10
32613,M08.011,icd10
32613,M08.079,icd10
32613,M08.041,icd10
32613,M08.951,icd10
32613,M08.929,icd10
32613,M08.962,icd10
32613,M08.812,icd10
32613,M08.99,icd10
32613,M08.949,icd10
32613,M08.941,icd10
32613,M08.89,icd10
32613,M08.971,icd10
32613,M08.88,icd10
32613,M08.91,icd10
32613,M08.022,icd10
32613,M08.859,icd10
32613,M08.06,icd10
32613,M08.9,icd10
32613,M08.071,icd10
32613,M08.00,icd10
32613,M08.912,icd10
32613,M08.851,icd10
32613,M08.919,icd10
32613,M08.922,icd10
32613,M08.069,icd10
32613,M08.961,icd10
32613,M08.979,icd10
32613,M08.059,icd10
32613,M08.87,icd10
32613,M08.029,icd10
32613,M08.072,icd10
32613,M08.871,icd10
32613,M08.031,icd10
32613,M08.07,icd10
32613,M08.98,icd10
32613,M08.879,icd10
32613,M08.829,icd10
32613,M08.0,icd10
32613,M08.019,icd10
32613,M08.01,icd10
32613,M08.061,icd10
32613,M08.94,icd10
32613,M08.839,icd10
32613,M08.052,icd10
32613,M08.969,icd10
32613,M08.849,icd10
32613,M08.03,icd10
32613,M08.869,icd10
32613,M08.942,icd10
32613,M08.832,icd10
32613,M08.012,icd10
32613,M08.8,icd10
32613,M08.05,icd10
32613,M08.821,icd10
32613,M08.841,icd10
32613,M08.02,icd10
32613,M08.952,icd10
32613,M08.021,icd10
32613,M08.04,icd10
32613,M08.959,icd10
32613,M08.051,icd10
32613,M08.09,icd10
32613,M08.822,icd10
32613,M08.81,icd10
32613,M08.84,icd10
32613,M08.93,icd10
32613,M08.852,icd10
32613,M08.811,icd10
32613,M08.842,icd10
723,128936008,snomed
723,105629000,snomed
723,36971009,snomed
723,87628006,snomed
723,65363002,snomed
723,23502006,snomed
723,95880003,snomed
723,51868009,snomed
723,43028005,snomed
723,11817007,snomed
723,85769006,snomed
723,68566005,snomed
723,4241002,snomed
723,A74.8,icd10
723,A74,icd10
723,A56.1,icd10
723,A56,icd10
723,A74.89,icd10
723,A74.9,icd10
723,A28.8,icd10
723,Z20.818,icd10
723,B96.89,icd10
723,Z20.81,icd10
723,A28,icd10
723,B96.8,icd10
723,A48.8,icd10
723,A49.9,icd10
723,A48,icd10
723,A49,icd10
723,A28.9,icd10
723,A49.8,icd10
723,H66,icd10
723,H66.9,icd10
723,H67.3,icd10
723,H66.90,icd10
723,H66.91,icd10
723,H67.9,icd10
723,H67.1,icd10
723,H67.2,icd10
723,H66.92,icd10
723,H66.93,icd10
723,H67,icd10
723,A69.29,icd10
723,A69.20,icd10
723,A69.2,icd10
723,A69.22,icd10
723,K26,icd10
723,K26.9,icd10
723,A42.9,icd10
723,A42.8,icd10
723,A42.82,icd10
723,A42,icd10
723,A42.89,icd10
723,A49.1,icd10
723,B95.4,icd10
723,B95.5,icd10
723,N39.0,icd10
723,Z87.440,icd10
723,A32,icd10
723,A32.8,icd10
723,A32.89,icd10
723,A32.9,icd10
50166,42343007,snomed
50166,38341003,snomed
50166,197605007,snomed
50166,I50.22,icd10
50166,I50.33,icd10
50166,I50.30,icd10
50166,I50.42,icd10
50166,I50.23,icd10
50166,I50.20,icd10
50166,I50.31,icd10
50166,I50.43,icd10
50166,I50.3,icd10
50166,I50.32,icd10
50166,I50.4,icd10
50166,I50.40,icd10
50166,I50.41,icd10
50166,I50.21,icd10
50166,I50.2,icd10
5470,42343007,snomed
5470,70272006,snomed
5470,70995007,snomed
5470,I50.22,icd10
5470,I50.33,icd10
5470,I50.30,icd10
5470,I50.42,icd10
5470,I50.23,icd10
5470,I50.20,icd10
5470,I50.31,icd10
5470,I50.43,icd10
5470,I50.3,icd10
5470,I50.32,icd10
5470,I50.4,icd10
5470,I50.40,icd10
5470,I50.41,icd10
5470,I50.21,icd10
5470,I50.2,icd10
5470,I27.20,icd10
67108,22298006,snomed
67108,385486001,snomed
67108,371039008,snomed
67108,59282003,snomed
67108,64333001,snomed
67108,64156001,snomed
67108,I21.A9,icd10
67108,I21.A,icd10
67108,I21.A1,icd10
67108,O88.211,icd10
67108,O88.23,icd10
67108,O88.22,icd10
67108,O88.219,icd10
67108,O88.213,icd10
67108,O88.21,icd10
67108,O88.2,icd10
67108,O88.212,icd10
67108,I26,icd10
67108,Z86.711,icd10
67108,I26.0,icd10
67108,I26.99,icd10
67108,I26.9,icd10
67108,I26.09,icd10
67108,Z86.72,icd10
7213,38103000,snomed
7213,87433001,snomed
7213,32398004,snomed
7213,4386001,snomed
7213,8229003,snomed
7213,J43.9,icd10
7213,J43,icd10
7213,J43.8,icd10
7213,J40,icd10
7213,J30.0,icd10
1202,5370000,snomed
1202,22298006,snomed
1202,25569003,snomed
1202,42343007,snomed
1202,38341003,snomed
1202,71908006,snomed
1202,49436004,snomed
1202,194828000,snomed
1202,6456007,snomed
1202,I48.92,icd10
1202,I21.A9,icd10
1202,I21.A,icd10
1202,I21.A1,icd10
1202,I47.2,icd10
1202,I50.22,icd10
1202,I50.33,icd10
1202,I50.30,icd10
1202,I50.42,icd10
1202,I50.23,icd10
1202,I50.20,icd10
1202,I50.31,icd10
1202,I50.43,icd10
1202,I50.3,icd10
1202,I50.32,icd10
1202,I50.4,icd10
1202,I50.40,icd10
1202,I50.41,icd10
1202,I50.21,icd10
1202,I50.2,icd10
1202,I49.01,icd10
1202,I48.91,icd10
1202,I20.8,icd10
1202,I25.119,icd10
1202,I25.769,icd10
1202,I25.76,icd10
1202,I25.7,icd10
1202,I25.72,icd10
1202,I25.75,icd10
1202,I20,icd10
1202,I25.70,icd10
1202,I25.709,icd10
1202,I25.738,icd10
1202,I25.719,icd10
1202,I25.73,icd10
1202,I25.728,icd10
1202,I25.798,icd10
1202,I25.759,icd10
1202,I25.708,icd10
1202,I25.11,icd10
1202,I25.79,icd10
1202,I25.739,icd10
1202,I25.799,icd10
1202,I25.729,icd10
1202,I25.71,icd10
1202,I25.768,icd10
1202,I25.118,icd10
1202,I25.718,icd10
1202,I25.758,icd10
1202,I20.9,icd10
1202,I47.1,icd10
86009,44054006,snomed
86009,80394007,snomed
86009,46635009,snomed
86009,E11.52,icd10
86009,E11.621,icd10
86009,E11.8,icd10
86009,E11.649,icd10
86009,E11.10,icd10
86009,E11.22,icd10
86009,E11.638,icd10
86009,E11.1,icd10
86009,E11.630,icd10
86009,E11.69,icd10
86009,E11.63,icd10
86009,E11.37,icd10
86009,E11.00,icd10
86009,E11.37X2,icd10
86009,E11.37X9,icd10
86009,E11.6,icd10
86009,E11,icd10
86009,E11.65,icd10
86009,E11.64,icd10
86009,E11.0,icd10
86009,E11.37X3,icd10
86009,E11.37X1,icd10
86009,R73,icd10
86009,R73.9,icd10
86009,E13.65,icd10
86009,E10.64,icd10
86009,E10,icd10
86009,E10.649,icd10
86009,E10.10,icd10
86009,E10.63,icd10
86009,E10.52,icd10
86009,E10.69,icd10
86009,E10.65,icd10
86009,E10.6,icd10
86009,E10.630,icd10
86009,E10.610,icd10
86009,E10.8,icd10
86009,E10.638,icd10
86009,E10.621,icd10
86009,E10.1,icd10
83818,38341003,snomed
83818,197605007,snomed
278567,69896004,snomed
278567,225655006,snomed
278567,266599000,snomed
278567,M06.251,icd10
278567,M06.22,icd10
278567,M05.10,icd10
278567,M06,icd10
278567,M06.80,icd10
278567,M06.9,icd10
278567,M06.23,icd10
278567,M06.219,icd10
278567,M06.252,icd10
278567,M06.211,icd10
278567,M06.241,icd10
278567,M06.26,icd10
278567,M06.8,icd10
278567,M06.29,icd10
278567,M06.229,icd10
278567,M06.259,icd10
278567,M06.262,icd10
278567,M06.88,icd10
278567,M06.212,icd10
278567,M06.272,icd10
278567,M06.239,icd10
278567,M06.20,icd10
278567,M06.27,icd10
278567,M05.30,icd10
278567,M06.242,icd10
278567,M06.21,icd10
278567,M06.261,icd10
278567,M06.25,icd10
278567,M06.249,icd10
278567,M06.279,icd10
278567,M06.231,icd10
278567,M06.24,icd10
278567,M06.89,icd10
278567,M06.271,icd10
278567,M06.221,icd10
278567,M05.3,icd10
278567,M06.269,icd10
278567,M06.232,icd10
278567,M06.222,icd10
278567,M05,icd10
278567,N94.6,icd10
5781,22253000,snomed
5781,69896004,snomed
5781,225655006,snomed
5781,9631008,snomed
5781,84017003,snomed
5781,23583003,snomed
5781,83330001,snomed
5781,201662001,snomed
5781,R52,icd10
5781,G89,icd10
5781,M06.251,icd10
5781,M06.22,icd10
5781,M05.10,icd10
5781,M06,icd10
5781,M06.80,icd10
5781,M06.9,icd10
5781,M06.23,icd10
5781,M06.219,icd10
5781,M06.252,icd10
5781,M06.211,icd10
5781,M06.241,icd10
5781,M06.26,icd10
5781,M06.8,icd10
5781,M06.29,icd10
5781,M06.229,icd10
5781,M06.259,icd10
5781,M06.262,icd10
5781,M06.88,icd10
5781,M06.212,icd10
5781,M06.272,icd10
5781,M06.239,icd10
5781,M06.20,icd10
5781,M06.27,icd10
5781,M05.30,icd10
5781,M06.242,icd10
5781,M06.21,icd10
5781,M06.261,icd10
5781,M06.25,icd10
5781,M06.249,icd10
5781,M06.279,icd10
5781,M06.231,icd10
5781,M06.24,icd10
5781,M06.89,icd10
5781,M06.271,icd10
5781,M06.221,icd10
5781,M05.3,icd10
5781,M06.269,icd10
5781,M06.232,icd10
5781,M06.222,icd10
5781,M05,icd10
5781,M45.7,icd10
5781,M45.1,icd10
5781,M45.3,icd10
5781,M45.8,icd10
5781,M45,icd10
5781,M45.9,icd10
5781,M45.6,icd10
5781,M45.4,icd10
5781,M45.2,icd10
5781,M45.0,icd10
5781,M08.08,icd10
5781,M45.5,icd10
5781,M08.28,icd10
5781,M71.50,icd10
5781,M71.5,icd10
5781,M06.2,icd10
5781,M71.58,icd10
5781,M06.20,icd10
5781,M06.28,icd10
5781,M71.1,icd10
5781,M71.18,icd10
5781,M71.10,icd10
5781,Q25.0,icd10
4316,38341003,snomed
4316,87343002,snomed
69120,87433001,snomed
69120,63480004,snomed
69120,J43.9,icd10
69120,J43,icd10
69120,J43.8,icd10
69120,J42,icd10
69120,J41,icd10
4099,126906006,snomed
4099,373717006,snomed
4099,386692008,snomed
4099,198436008,snomed
4099,237788002,snomed
4099,48130008,snomed
4099,126926005,snomed
4099,E28.310,icd10
4099,E28.31,icd10
4099,E28.319,icd10
4099,N92.4,icd10
83367,302870006,snomed
83367,13644009,snomed
83367,53741008,snomed
83367,3744001,snomed
83367,I25.84,icd10
83367,I25.83,icd10
83367,Z83.430,icd10
237159,4386001,snomed
42319,235595009,snomed
42319,53132006,snomed
42319,196642007,snomed
42319,16331000,snomed
42319,126485001,snomed
42319,51868009,snomed
42319,57643001,snomed
42319,162031009,snomed
42319,K21,icd10
42319,R12,icd10
42319,L50,icd10
42319,L50.9,icd10
42319,L50.8,icd10
42319,K26,icd10
42319,K26.9,icd10
11248,84027009,snomed
11248,267382005,snomed
11248,7916009,snomed
11248,24700007,snomed
11248,84027009,snomed
11248,267382005,snomed
11248,7916009,snomed
11248,24700007,snomed
11248,G62.1,icd10
11248,G35,icd10
11248,G62.1,icd10
11248,G35,icd10
24941,191133000,snomed
24941,191133000,snomed
39998,230381009,snomed
39998,84757009,snomed
39998,G40,icd10
39998,G40.90,icd10
39998,G40.802,icd10
39998,G40.9,icd10
39998,G40.80,icd10
39998,G40.909,icd10
39998,G40.8,icd10
10237,69896004,snomed
10237,225655006,snomed
10237,9631008,snomed
10237,84017003,snomed
10237,23583003,snomed
10237,45326000,snomed
10237,201662001,snomed
10237,M06.251,icd10
10237,M06.22,icd10
10237,M05.10,icd10
10237,M06,icd10
10237,M06.80,icd10
10237,M06.9,icd10
10237,M06.23,icd10
10237,M06.219,icd10
10237,M06.252,icd10
10237,M06.211,icd10
10237,M06.241,icd10
10237,M06.26,icd10
10237,M06.8,icd10
10237,M06.29,icd10
10237,M06.229,icd10
10237,M06.259,icd10
10237,M06.262,icd10
10237,M06.88,icd10
10237,M06.212,icd10
10237,M06.272,icd10
10237,M06.239,icd10
10237,M06.20,icd10
10237,M06.27,icd10
10237,M05.30,icd10
10237,M06.242,icd10
10237,M06.21,icd10
10237,M06.261,icd10
10237,M06.25,icd10
10237,M06.249,icd10
10237,M06.279,icd10
10237,M06.231,icd10
10237,M06.24,icd10
10237,M06.89,icd10
10237,M06.271,icd10
10237,M06.221,icd10
10237,M05.3,icd10
10237,M06.269,icd10
10237,M06.232,icd10
10237,M06.222,icd10
10237,M05,icd10
10237,M45.7,icd10
10237,M45.1,icd10
10237,M45.3,icd10
10237,M45.8,icd10
10237,M45,icd10
10237,M45.9,icd10
10237,M45.6,icd10
10237,M45.4,icd10
10237,M45.2,icd10
10237,M45.0,icd10
10237,M08.08,icd10
10237,M45.5,icd10
10237,M08.28,icd10
10237,M71.50,icd10
10237,M71.5,icd10
10237,M06.2,icd10
10237,M71.58,icd10
10237,M06.20,icd10
10237,M06.28,icd10
10237,M71.1,icd10
10237,M71.18,icd10
10237,M71.10,icd10
24909,191133000,snomed
6185,22298006,snomed
6185,42343007,snomed
6185,70272006,snomed
6185,194828000,snomed
6185,I21.A9,icd10
6185,I21.A,icd10
6185,I21.A1,icd10
6185,I50.22,icd10
6185,I50.33,icd10
6185,I50.30,icd10
6185,I50.42,icd10
6185,I50.23,icd10
6185,I50.20,icd10
6185,I50.31,icd10
6185,I50.43,icd10
6185,I50.3,icd10
6185,I50.32,icd10
6185,I50.4,icd10
6185,I50.40,icd10
6185,I50.41,icd10
6185,I50.21,icd10
6185,I50.2,icd10
6185,I20.8,icd10
6185,I25.119,icd10
6185,I25.769,icd10
6185,I25.76,icd10
6185,I25.7,icd10
6185,I25.72,icd10
6185,I25.75,icd10
6185,I20,icd10
6185,I25.70,icd10
6185,I25.709,icd10
6185,I25.738,icd10
6185,I25.719,icd10
6185,I25.73,icd10
6185,I25.728,icd10
6185,I25.798,icd10
6185,I25.759,icd10
6185,I25.708,icd10
6185,I25.11,icd10
6185,I25.79,icd10
6185,I25.739,icd10
6185,I25.799,icd10
6185,I25.729,icd10
6185,I25.71,icd10
6185,I25.768,icd10
6185,I25.118,icd10
6185,I25.718,icd10
6185,I25.758,icd10
6185,I20.9,icd10
2194,186437007,snomed
2194,53084003,snomed
2194,36971009,snomed
2194,87628006,snomed
2194,23502006,snomed
2194,58126003,snomed
2194,95883001,snomed
2194,95880003,snomed
2194,71057007,snomed
2194,41659003,snomed
2194,105592009,snomed
2194,15628003,snomed
2194,405737000,snomed
2194,48277006,snomed
2194,68566005,snomed
2194,B96.4,icd10
2194,J15.9,icd10
2194,J15.8,icd10
2194,J15,icd10
2194,A28.8,icd10
2194,Z20.818,icd10
2194,B96.89,icd10
2194,Z20.81,icd10
2194,A28,icd10
2194,B96.8,icd10
2194,A48.8,icd10
2194,A49.9,icd10
2194,A48,icd10
2194,A49,icd10
2194,A28.9,icd10
2194,A49.8,icd10
2194,A69.29,icd10
2194,A69.20,icd10
2194,A69.2,icd10
2194,A69.22,icd10
2194,G04.2,icd10
2194,G00.9,icd10
2194,G01,icd10
2194,G00.8,icd10
2194,G00,icd10
2194,B96.20,icd10
2194,Z20.01,icd10
2194,B96.2,icd10
2194,B96.29,icd10
2194,A54,icd10
2194,A54.9,icd10
2194,A54.21,icd10
2194,A54.6,icd10
2194,A54.09,icd10
2194,A54.0,icd10
2194,A54.2,icd10
2194,A54.23,icd10
2194,A54.29,icd10
2194,A54.89,icd10
2194,A54.8,icd10
2194,A54.00,icd10
2194,A54.01,icd10
2194,A54.49,icd10
2194,A54.40,icd10
2194,L01.09,icd10
2194,L01,icd10
2194,L01.0,icd10
2194,L01.00,icd10
2194,N39.0,icd10
2194,Z87.440,icd10
139462,38822007,snomed
139462,302231008,snomed
139462,2918000,snomed
139462,56038003,snomed
139462,32398004,snomed
139462,186437007,snomed
139462,95896000,snomed
139462,63398001,snomed
139462,53084003,snomed
139462,36971009,snomed
139462,87628006,snomed
139462,71057007,snomed
139462,197779009,snomed
139462,41659003,snomed
139462,15628003,snomed
139462,85769006,snomed
139462,68566005,snomed
139462,N30.8,icd10
139462,N30.9,icd10
139462,N30.90,icd10
139462,N30,icd10
139462,N30.80,icd10
139462,A02.8,icd10
139462,A02.9,icd10
139462,A02,icd10
139462,A49.0,icd10
139462,B95.8,icd10
139462,Z22.39,icd10
139462,B95.7,icd10
139462,J40,icd10
139462,B96.4,icd10
139462,B64,icd10
139462,B60,icd10
139462,B60.8,icd10
139462,B96.5,icd10
139462,J15.9,icd10
139462,J15.8,icd10
139462,J15,icd10
139462,A28.8,icd10
139462,Z20.818,icd10
139462,B96.89,icd10
139462,Z20.81,icd10
139462,A28,icd10
139462,B96.8,icd10
139462,A48.8,icd10
139462,A49.9,icd10
139462,A48,icd10
139462,A49,icd10
139462,A28.9,icd10
139462,A49.8,icd10
139462,B96.20,icd10
139462,Z20.01,icd10
139462,B96.2,icd10
139462,B96.29,icd10
139462,A54,icd10
139462,A54.9,icd10
139462,A54.21,icd10
139462,A54.6,icd10
139462,A54.09,icd10
139462,A54.0,icd10
139462,A54.2,icd10
139462,A54.23,icd10
139462,A54.29,icd10
139462,A54.89,icd10
139462,A54.8,icd10
139462,A54.00,icd10
139462,A54.01,icd10
139462,A54.49,icd10
139462,A54.40,icd10
139462,A49.1,icd10
139462,B95.4,icd10
139462,B95.5,icd10
139462,N39.0,icd10
139462,Z87.440,icd10
3255,402694007,snomed
3255,23583003,snomed
3418,230473009,snomed
3418,47821001,snomed
3418,87715008,snomed
3418,28651003,snomed
3418,37796009,snomed
3418,G44.021,icd10
3418,G44.029,icd10
3418,G44.02,icd10
3418,O72,icd10
3418,O72.1,icd10
3418,R68.2,icd10
3418,I95.1,icd10
3418,G43.80,icd10
3418,G43.90,icd10
3418,G43,icd10
3418,G43.809,icd10
3418,G43.8,icd10
3418,G43.9,icd10
3418,G43.909,icd10
